<?xml version="1.0" encoding="UTF-8"?><rss version="2.0"
	xmlns:content="http://purl.org/rss/1.0/modules/content/"
	xmlns:wfw="http://wellformedweb.org/CommentAPI/"
	xmlns:dc="http://purl.org/dc/elements/1.1/"
	xmlns:atom="http://www.w3.org/2005/Atom"
	xmlns:sy="http://purl.org/rss/1.0/modules/syndication/"
	xmlns:slash="http://purl.org/rss/1.0/modules/slash/"
	
	xmlns:georss="http://www.georss.org/georss"
	xmlns:geo="http://www.w3.org/2003/01/geo/wgs84_pos#"
	>

<channel>
	<title>Hot &#8211; My WordPress</title>
	<atom:link href="/tu-khoa-san-pham/hot/feed/" rel="self" type="application/rss+xml" />
	<link></link>
	<description>Một trang web mới sử dụng WordPress</description>
	<lastBuildDate>Tue, 25 Oct 2022 12:44:55 +0000</lastBuildDate>
	<language>vi</language>
	<sy:updatePeriod>
	hourly	</sy:updatePeriod>
	<sy:updateFrequency>
	1	</sy:updateFrequency>
	<generator>https://wordpress.org/?v=6.0.3</generator>
	<item>
		<title>Red Apple</title>
		<link>/san-pham/red-apple-2/</link>
					<comments>/san-pham/red-apple-2/#respond</comments>
		
		<dc:creator><![CDATA[NguyenQuocHau]]></dc:creator>
		<pubDate>Tue, 25 Oct 2022 02:51:10 +0000</pubDate>
				<guid isPermaLink="false">/?post_type=product&#038;p=62</guid>

					<description><![CDATA[<div class="woocommerce-product-details__short-description">

The generated Lorem Ipsum is therefore always free from repetition injected humour, or non-characteristic words etc. Susp endisse ultricies nisi vel quam suscipit. Sabertooth peacock flounder…

</div>
<form class="cart" action="https://ninetheme.com/themes/agrikon/product/red-apple/" enctype="multipart/form-data" method="post">
<div class="quantity"></div>
</form>
<div class="yith-wcwl-add-to-wishlist add-to-wishlist-1816 wishlist-fragment on-first-load" data-fragment-ref="1816" data-fragment-options="{&#34;base_url&#34;:&#34;&#34;,&#34;in_default_wishlist&#34;:false,&#34;is_single&#34;:true,&#34;show_exists&#34;:false,&#34;product_id&#34;:1816,&#34;parent_product_id&#34;:1816,&#34;product_type&#34;:&#34;simple&#34;,&#34;show_view&#34;:true,&#34;browse_wishlist_text&#34;:&#34;Browse wishlist&#34;,&#34;already_in_wishslist_text&#34;:&#34;The product is already in your wishlist!&#34;,&#34;product_added_text&#34;:&#34;Product added!&#34;,&#34;heading_icon&#34;:&#34;fa-heart-o&#34;,&#34;available_multi_wishlist&#34;:false,&#34;disable_wishlist&#34;:false,&#34;show_count&#34;:false,&#34;ajax_loading&#34;:false,&#34;loop_position&#34;:&#34;after_add_to_cart&#34;,&#34;item&#34;:&#34;add_to_wishlist&#34;}">
<div class="yith-wcwl-add-button"><a class="add_to_wishlist single_add_to_wishlist button alt" href="https://ninetheme.com/themes/agrikon/product/red-apple/?add_to_wishlist=1816&#38;_wpnonce=423ee97ad9" rel="nofollow" data-product-id="1816" data-product-type="simple" data-original-product-id="1816" data-title="Add to wishlist"><i class="yith-wcwl-icon fa fa-heart-o"></i> Add to wishlist  </a><a class="compare button" href="https://ninetheme.com/themes/agrikon?action=yith-woocompare-add-product&#38;id=1816" rel="nofollow" data-product_id="1816">Compare</a></div>
</div>
&#160;
<div class="product_meta"></div>]]></description>
										<content:encoded><![CDATA[<h2>Description</h2>
<p>Naturally sweet and delicious, our Plum Halves in Rice Syrup contains no added beet or cane sugar. Picked at the peak of ripeness and minimally processed, our organic fruits are perfect for baking and topping desserts with or delicious when eaten with ice cream or on its own. This autumnal, sticky fig and granola breakfast bowl is the perfect start to the day. Made with roasted figs warm from the oven, our creamy organic Kefir and a spoonful of our crunchy oat granola. A breakfast perfect for the week ahead.</p>
]]></content:encoded>
					
					<wfw:commentRss>/san-pham/red-apple-2/feed/</wfw:commentRss>
			<slash:comments>0</slash:comments>
		
		
			</item>
		<item>
		<title>Red Apple</title>
		<link>/san-pham/red-apple/</link>
					<comments>/san-pham/red-apple/#respond</comments>
		
		<dc:creator><![CDATA[NguyenQuocHau]]></dc:creator>
		<pubDate>Tue, 25 Oct 2022 02:50:40 +0000</pubDate>
				<guid isPermaLink="false">/?post_type=product&#038;p=61</guid>

					<description><![CDATA[<div class="woocommerce-product-details__short-description">

The generated Lorem Ipsum is therefore always free from repetition injected humour, or non-characteristic words etc. Susp endisse ultricies nisi vel quam suscipit. Sabertooth peacock flounder…

</div>
<form class="cart" action="https://ninetheme.com/themes/agrikon/product/red-apple/" enctype="multipart/form-data" method="post">
<div class="quantity"></div>
</form>
<div class="yith-wcwl-add-to-wishlist add-to-wishlist-1816 wishlist-fragment on-first-load" data-fragment-ref="1816" data-fragment-options="{&#34;base_url&#34;:&#34;&#34;,&#34;in_default_wishlist&#34;:false,&#34;is_single&#34;:true,&#34;show_exists&#34;:false,&#34;product_id&#34;:1816,&#34;parent_product_id&#34;:1816,&#34;product_type&#34;:&#34;simple&#34;,&#34;show_view&#34;:true,&#34;browse_wishlist_text&#34;:&#34;Browse wishlist&#34;,&#34;already_in_wishslist_text&#34;:&#34;The product is already in your wishlist!&#34;,&#34;product_added_text&#34;:&#34;Product added!&#34;,&#34;heading_icon&#34;:&#34;fa-heart-o&#34;,&#34;available_multi_wishlist&#34;:false,&#34;disable_wishlist&#34;:false,&#34;show_count&#34;:false,&#34;ajax_loading&#34;:false,&#34;loop_position&#34;:&#34;after_add_to_cart&#34;,&#34;item&#34;:&#34;add_to_wishlist&#34;}">
<div class="yith-wcwl-add-button"><a class="add_to_wishlist single_add_to_wishlist button alt" href="https://ninetheme.com/themes/agrikon/product/red-apple/?add_to_wishlist=1816&#38;_wpnonce=423ee97ad9" rel="nofollow" data-product-id="1816" data-product-type="simple" data-original-product-id="1816" data-title="Add to wishlist"><i class="yith-wcwl-icon fa fa-heart-o"></i> Add to wishlist  </a><a class="compare button" href="https://ninetheme.com/themes/agrikon?action=yith-woocompare-add-product&#38;id=1816" rel="nofollow" data-product_id="1816">Compare</a></div>
</div>
&#160;
<div class="product_meta"></div>]]></description>
										<content:encoded><![CDATA[<h2>Description</h2>
<p>Naturally sweet and delicious, our Plum Halves in Rice Syrup contains no added beet or cane sugar. Picked at the peak of ripeness and minimally processed, our organic fruits are perfect for baking and topping desserts with or delicious when eaten with ice cream or on its own. This autumnal, sticky fig and granola breakfast bowl is the perfect start to the day. Made with roasted figs warm from the oven, our creamy organic Kefir and a spoonful of our crunchy oat granola. A breakfast perfect for the week ahead.</p>
]]></content:encoded>
					
					<wfw:commentRss>/san-pham/red-apple/feed/</wfw:commentRss>
			<slash:comments>0</slash:comments>
		
		
			</item>
		<item>
		<title>Fresh Red Seedless</title>
		<link>/san-pham/fresh-red-seedless-4/</link>
					<comments>/san-pham/fresh-red-seedless-4/#respond</comments>
		
		<dc:creator><![CDATA[NguyenQuocHau]]></dc:creator>
		<pubDate>Tue, 25 Oct 2022 02:47:56 +0000</pubDate>
				<guid isPermaLink="false">/?post_type=product&#038;p=56</guid>

					<description><![CDATA[<div class="woocommerce-product-details__short-description">

The generated Lorem Ipsum is therefore always free from repetition injected humour, or non-characteristic words etc. Susp endisse ultricies nisi vel quam suscipit. Sabertooth peacock flounder…

</div>
<form class="cart" action="https://ninetheme.com/themes/agrikon/product/fresh-red-seedless-2/" enctype="multipart/form-data" method="post">
<div class="quantity"></div>
</form>
<div class="yith-wcwl-add-to-wishlist add-to-wishlist-1820 wishlist-fragment on-first-load" data-fragment-ref="1820" data-fragment-options="{&#34;base_url&#34;:&#34;&#34;,&#34;in_default_wishlist&#34;:false,&#34;is_single&#34;:true,&#34;show_exists&#34;:false,&#34;product_id&#34;:1820,&#34;parent_product_id&#34;:1820,&#34;product_type&#34;:&#34;simple&#34;,&#34;show_view&#34;:true,&#34;browse_wishlist_text&#34;:&#34;Browse wishlist&#34;,&#34;already_in_wishslist_text&#34;:&#34;The product is already in your wishlist!&#34;,&#34;product_added_text&#34;:&#34;Product added!&#34;,&#34;heading_icon&#34;:&#34;fa-heart-o&#34;,&#34;available_multi_wishlist&#34;:false,&#34;disable_wishlist&#34;:false,&#34;show_count&#34;:false,&#34;ajax_loading&#34;:false,&#34;loop_position&#34;:&#34;after_add_to_cart&#34;,&#34;item&#34;:&#34;add_to_wishlist&#34;}">
<div class="yith-wcwl-add-button">

<a class="add_to_wishlist single_add_to_wishlist button alt" href="https://ninetheme.com/themes/agrikon/product/fresh-red-seedless-2/?add_to_wishlist=1820&#38;_wpnonce=423ee97ad9" rel="nofollow" data-product-id="1820" data-product-type="simple" data-original-product-id="1820" data-title="Add to wishlist"><i class="yith-wcwl-icon fa fa-heart-o"></i> Add to wishlist </a><a class="compare button" href="https://ninetheme.com/themes/agrikon?action=yith-woocompare-add-product&#38;id=1820" rel="nofollow" data-product_id="1820">Compare</a>
<div class="product_meta"></div>
</div>
</div>
&#160;]]></description>
										<content:encoded><![CDATA[<h2>Description</h2>
<p>The generated Lorem Ipsum is therefore always free from repetition injected humour, or non-characteristic words etc. Susp endisse ultricies nisi vel quam suscipit. Sabertooth peacock flounder; chain pickerel hatchetfish, pencilfish snailfish filefish Antarctic icefish goldeye aholehole trumpetfish pilot fish airbreathing catfish, electric ray sweeper.</p>
]]></content:encoded>
					
					<wfw:commentRss>/san-pham/fresh-red-seedless-4/feed/</wfw:commentRss>
			<slash:comments>0</slash:comments>
		
		
			</item>
		<item>
		<title>Organic Sweet Corn</title>
		<link>/san-pham/organic-sweet-corn-2/</link>
					<comments>/san-pham/organic-sweet-corn-2/#respond</comments>
		
		<dc:creator><![CDATA[NguyenQuocHau]]></dc:creator>
		<pubDate>Tue, 25 Oct 2022 02:47:21 +0000</pubDate>
				<guid isPermaLink="false">/?post_type=product&#038;p=52</guid>

					<description><![CDATA[<div class="woocommerce-product-details__short-description">

The generated Lorem Ipsum is therefore always free from repetition injected humour, or non-characteristic words etc. Susp endisse ultricies nisi vel quam suscipit. Sabertooth peacock flounder…

</div>
<form class="cart" action="https://ninetheme.com/themes/agrikon/product/organic-sweet-corn/" enctype="multipart/form-data" method="post">
<div class="quantity"></div>
</form>
<div class="yith-wcwl-add-to-wishlist add-to-wishlist-1822 wishlist-fragment on-first-load" data-fragment-ref="1822" data-fragment-options="{&#34;base_url&#34;:&#34;&#34;,&#34;in_default_wishlist&#34;:false,&#34;is_single&#34;:true,&#34;show_exists&#34;:false,&#34;product_id&#34;:1822,&#34;parent_product_id&#34;:1822,&#34;product_type&#34;:&#34;simple&#34;,&#34;show_view&#34;:true,&#34;browse_wishlist_text&#34;:&#34;Browse wishlist&#34;,&#34;already_in_wishslist_text&#34;:&#34;The product is already in your wishlist!&#34;,&#34;product_added_text&#34;:&#34;Product added!&#34;,&#34;heading_icon&#34;:&#34;fa-heart-o&#34;,&#34;available_multi_wishlist&#34;:false,&#34;disable_wishlist&#34;:false,&#34;show_count&#34;:false,&#34;ajax_loading&#34;:false,&#34;loop_position&#34;:&#34;after_add_to_cart&#34;,&#34;item&#34;:&#34;add_to_wishlist&#34;}">
<div class="yith-wcwl-add-button"><a class="add_to_wishlist single_add_to_wishlist button alt" href="https://ninetheme.com/themes/agrikon/product/organic-sweet-corn/?add_to_wishlist=1822&#38;_wpnonce=423ee97ad9" rel="nofollow" data-product-id="1822" data-product-type="simple" data-original-product-id="1822" data-title="Add to wishlist"><i class="yith-wcwl-icon fa fa-heart-o"></i> Add to wishlist  </a><a class="compare button" href="https://ninetheme.com/themes/agrikon?action=yith-woocompare-add-product&#38;id=1822" rel="nofollow" data-product_id="1822">Compare</a></div>
</div>
&#160;
<div class="product_meta"></div>]]></description>
										<content:encoded><![CDATA[<h2>Description</h2>
<p>The generated Lorem Ipsum is therefore always free from repetition injected humour, or non-characteristic words etc. Susp endisse ultricies nisi vel quam suscipit. Sabertooth peacock flounder; chain pickerel hatchetfish, pencilfish snailfish filefish Antarctic icefish goldeye aholehole trumpetfish pilot fish airbreathing catfish, electric ray sweeper.</p>
]]></content:encoded>
					
					<wfw:commentRss>/san-pham/organic-sweet-corn-2/feed/</wfw:commentRss>
			<slash:comments>0</slash:comments>
		
		
			</item>
		<item>
		<title>Fresh Red Seedless</title>
		<link>/san-pham/fresh-red-seedless-2/</link>
					<comments>/san-pham/fresh-red-seedless-2/#respond</comments>
		
		<dc:creator><![CDATA[NguyenQuocHau]]></dc:creator>
		<pubDate>Tue, 25 Oct 2022 02:40:03 +0000</pubDate>
				<guid isPermaLink="false">/?post_type=product&#038;p=55</guid>

					<description><![CDATA[<div class="woocommerce-product-details__short-description">

The generated Lorem Ipsum is therefore always free from repetition injected humour, or non-characteristic words etc. Susp endisse ultricies nisi vel quam suscipit. Sabertooth peacock flounder…

</div>
<form class="cart" action="https://ninetheme.com/themes/agrikon/product/fresh-red-seedless-2/" enctype="multipart/form-data" method="post">
<div class="quantity"></div>
</form>
<div class="yith-wcwl-add-to-wishlist add-to-wishlist-1820  wishlist-fragment on-first-load" data-fragment-ref="1820" data-fragment-options="{&#34;base_url&#34;:&#34;&#34;,&#34;in_default_wishlist&#34;:false,&#34;is_single&#34;:true,&#34;show_exists&#34;:false,&#34;product_id&#34;:1820,&#34;parent_product_id&#34;:1820,&#34;product_type&#34;:&#34;simple&#34;,&#34;show_view&#34;:true,&#34;browse_wishlist_text&#34;:&#34;Browse wishlist&#34;,&#34;already_in_wishslist_text&#34;:&#34;The product is already in your wishlist!&#34;,&#34;product_added_text&#34;:&#34;Product added!&#34;,&#34;heading_icon&#34;:&#34;fa-heart-o&#34;,&#34;available_multi_wishlist&#34;:false,&#34;disable_wishlist&#34;:false,&#34;show_count&#34;:false,&#34;ajax_loading&#34;:false,&#34;loop_position&#34;:&#34;after_add_to_cart&#34;,&#34;item&#34;:&#34;add_to_wishlist&#34;}">
<div class="yith-wcwl-add-button"><a class="add_to_wishlist single_add_to_wishlist button alt" href="https://ninetheme.com/themes/agrikon/product/fresh-red-seedless-2/?add_to_wishlist=1820&#38;_wpnonce=423ee97ad9" rel="nofollow" data-product-id="1820" data-product-type="simple" data-original-product-id="1820" data-title="Add to wishlist"><i class="yith-wcwl-icon fa fa-heart-o"></i> Add to wishlist </a><a class="compare button" href="https://ninetheme.com/themes/agrikon?action=yith-woocompare-add-product&#38;id=1820" rel="nofollow" data-product_id="1820">Compare</a>&#160;
<div class="product_meta"></div>
</div>
</div>
&#160;]]></description>
										<content:encoded><![CDATA[<h2>Description</h2>
<p>The generated Lorem Ipsum is therefore always free from repetition injected humour, or non-characteristic words etc. Susp endisse ultricies nisi vel quam suscipit. Sabertooth peacock flounder; chain pickerel hatchetfish, pencilfish snailfish filefish Antarctic icefish goldeye aholehole trumpetfish pilot fish airbreathing catfish, electric ray sweeper.</p>
]]></content:encoded>
					
					<wfw:commentRss>/san-pham/fresh-red-seedless-2/feed/</wfw:commentRss>
			<slash:comments>0</slash:comments>
		
		
			</item>
		<item>
		<title>Organic Sweet Corn</title>
		<link>/san-pham/organic-sweet-corn/</link>
					<comments>/san-pham/organic-sweet-corn/#respond</comments>
		
		<dc:creator><![CDATA[NguyenQuocHau]]></dc:creator>
		<pubDate>Tue, 25 Oct 2022 02:35:33 +0000</pubDate>
				<guid isPermaLink="false">/?post_type=product&#038;p=51</guid>

					<description><![CDATA[<div class="woocommerce-product-details__short-description">

The generated Lorem Ipsum is therefore always free from repetition injected humour, or non-characteristic words etc. Susp endisse ultricies nisi vel quam suscipit. Sabertooth peacock flounder…

</div>
<form class="cart" action="https://ninetheme.com/themes/agrikon/product/organic-sweet-corn/" enctype="multipart/form-data" method="post">
<div class="quantity"></div>
</form>
<div class="yith-wcwl-add-to-wishlist add-to-wishlist-1822  wishlist-fragment on-first-load" data-fragment-ref="1822" data-fragment-options="{&#34;base_url&#34;:&#34;&#34;,&#34;in_default_wishlist&#34;:false,&#34;is_single&#34;:true,&#34;show_exists&#34;:false,&#34;product_id&#34;:1822,&#34;parent_product_id&#34;:1822,&#34;product_type&#34;:&#34;simple&#34;,&#34;show_view&#34;:true,&#34;browse_wishlist_text&#34;:&#34;Browse wishlist&#34;,&#34;already_in_wishslist_text&#34;:&#34;The product is already in your wishlist!&#34;,&#34;product_added_text&#34;:&#34;Product added!&#34;,&#34;heading_icon&#34;:&#34;fa-heart-o&#34;,&#34;available_multi_wishlist&#34;:false,&#34;disable_wishlist&#34;:false,&#34;show_count&#34;:false,&#34;ajax_loading&#34;:false,&#34;loop_position&#34;:&#34;after_add_to_cart&#34;,&#34;item&#34;:&#34;add_to_wishlist&#34;}">
<div class="yith-wcwl-add-button"><a class="add_to_wishlist single_add_to_wishlist button alt" href="https://ninetheme.com/themes/agrikon/product/organic-sweet-corn/?add_to_wishlist=1822&#38;_wpnonce=423ee97ad9" rel="nofollow" data-product-id="1822" data-product-type="simple" data-original-product-id="1822" data-title="Add to wishlist"><i class="yith-wcwl-icon fa fa-heart-o"></i> Add to wishlist  </a><a class="compare button" href="https://ninetheme.com/themes/agrikon?action=yith-woocompare-add-product&#38;id=1822" rel="nofollow" data-product_id="1822">Compare</a></div>
</div>
&#160;
<div class="product_meta"></div>]]></description>
										<content:encoded><![CDATA[<h2>Description</h2>
<p>The generated Lorem Ipsum is therefore always free from repetition injected humour, or non-characteristic words etc. Susp endisse ultricies nisi vel quam suscipit. Sabertooth peacock flounder; chain pickerel hatchetfish, pencilfish snailfish filefish Antarctic icefish goldeye aholehole trumpetfish pilot fish airbreathing catfish, electric ray sweeper.</p>
]]></content:encoded>
					
					<wfw:commentRss>/san-pham/organic-sweet-corn/feed/</wfw:commentRss>
			<slash:comments>0</slash:comments>
		
		
			</item>
	</channel>
</rss>
