<?xml version="1.0" encoding="UTF-8"?><rss version="2.0"
	xmlns:content="http://purl.org/rss/1.0/modules/content/"
	xmlns:wfw="http://wellformedweb.org/CommentAPI/"
	xmlns:dc="http://purl.org/dc/elements/1.1/"
	xmlns:atom="http://www.w3.org/2005/Atom"
	xmlns:sy="http://purl.org/rss/1.0/modules/syndication/"
	xmlns:slash="http://purl.org/rss/1.0/modules/slash/"
	
	xmlns:georss="http://www.georss.org/georss"
	xmlns:geo="http://www.w3.org/2003/01/geo/wgs84_pos#"
	>

<channel>
	<title>Chưa phân loại &#8211; My WordPress</title>
	<atom:link href="/category/khong-phan-loai/feed/" rel="self" type="application/rss+xml" />
	<link></link>
	<description>Một trang web mới sử dụng WordPress</description>
	<lastBuildDate>Tue, 25 Oct 2022 01:57:48 +0000</lastBuildDate>
	<language>vi</language>
	<sy:updatePeriod>
	hourly	</sy:updatePeriod>
	<sy:updateFrequency>
	1	</sy:updateFrequency>
	<generator>https://wordpress.org/?v=6.0.3</generator>
	<item>
		<title>Chào tất cả mọi người!</title>
		<link>/2022/10/25/chao-moi-nguoi/</link>
					<comments>/2022/10/25/chao-moi-nguoi/#comments</comments>
		
		<dc:creator><![CDATA[NguyenQuocHau]]></dc:creator>
		<pubDate>Tue, 25 Oct 2022 01:57:48 +0000</pubDate>
				<category><![CDATA[Chưa phân loại]]></category>
		<guid isPermaLink="false">/?p=1</guid>

					<description><![CDATA[Cảm ơn vì đã sử dụng WordPress. Đây là bài viết đầu tiên của bạn. Sửa hoặc xóa nó, và bắt đầu bài viết của bạn nhé!]]></description>
										<content:encoded><![CDATA[
<p>Cảm ơn vì đã sử dụng WordPress. Đây là bài viết đầu tiên của bạn. Sửa hoặc xóa nó, và bắt đầu bài viết của bạn nhé!</p>
]]></content:encoded>
					
					<wfw:commentRss>/2022/10/25/chao-moi-nguoi/feed/</wfw:commentRss>
			<slash:comments>1</slash:comments>
		
		
			</item>
	</channel>
</rss>
