<?xml version="1.0" encoding="UTF-8"?><rss version="2.0"
	xmlns:content="http://purl.org/rss/1.0/modules/content/"
	xmlns:wfw="http://wellformedweb.org/CommentAPI/"
	xmlns:dc="http://purl.org/dc/elements/1.1/"
	xmlns:atom="http://www.w3.org/2005/Atom"
	xmlns:sy="http://purl.org/rss/1.0/modules/syndication/"
	xmlns:slash="http://purl.org/rss/1.0/modules/slash/"
	
	xmlns:georss="http://www.georss.org/georss"
	xmlns:geo="http://www.w3.org/2003/01/geo/wgs84_pos#"
	>

<channel>
	<title>New &#8211; My WordPress</title>
	<atom:link href="/tu-khoa-san-pham/new/feed/" rel="self" type="application/rss+xml" />
	<link></link>
	<description>Một trang web mới sử dụng WordPress</description>
	<lastBuildDate>Tue, 25 Oct 2022 12:36:42 +0000</lastBuildDate>
	<language>vi</language>
	<sy:updatePeriod>
	hourly	</sy:updatePeriod>
	<sy:updateFrequency>
	1	</sy:updateFrequency>
	<generator>https://wordpress.org/?v=6.0.3</generator>
	<item>
		<title>Fresh Banana</title>
		<link>/san-pham/fresh-banana-6/</link>
					<comments>/san-pham/fresh-banana-6/#respond</comments>
		
		<dc:creator><![CDATA[NguyenQuocHau]]></dc:creator>
		<pubDate>Tue, 25 Oct 2022 03:25:57 +0000</pubDate>
				<guid isPermaLink="false">/?post_type=product&#038;p=163</guid>

					<description><![CDATA[<div class="woocommerce-product-details__short-description">

The generated Lorem Ipsum is therefore always free from repetition injected humour, or non-characteristic words etc. Susp endisse ultricies nisi vel quam suscipit. Sabertooth peacock flounder…

</div>
<div class="yith-wcwl-add-to-wishlist add-to-wishlist-1821 wishlist-fragment on-first-load" data-fragment-ref="1821" data-fragment-options="{&#34;base_url&#34;:&#34;&#34;,&#34;in_default_wishlist&#34;:false,&#34;is_single&#34;:true,&#34;show_exists&#34;:false,&#34;product_id&#34;:1821,&#34;parent_product_id&#34;:1821,&#34;product_type&#34;:&#34;simple&#34;,&#34;show_view&#34;:true,&#34;browse_wishlist_text&#34;:&#34;Browse wishlist&#34;,&#34;already_in_wishslist_text&#34;:&#34;The product is already in your wishlist!&#34;,&#34;product_added_text&#34;:&#34;Product added!&#34;,&#34;heading_icon&#34;:&#34;fa-heart-o&#34;,&#34;available_multi_wishlist&#34;:false,&#34;disable_wishlist&#34;:false,&#34;show_count&#34;:false,&#34;ajax_loading&#34;:false,&#34;loop_position&#34;:&#34;after_add_to_cart&#34;,&#34;item&#34;:&#34;add_to_wishlist&#34;}">
<div class="yith-wcwl-add-button"><a class="add_to_wishlist single_add_to_wishlist button alt" href="https://ninetheme.com/themes/agrikon/product/fresh-banana-2/?add_to_wishlist=1821&#38;_wpnonce=423ee97ad9" rel="nofollow" data-product-id="1821" data-product-type="simple" data-original-product-id="1821" data-title="Add to wishlist"><i class="yith-wcwl-icon fa fa-heart-o"></i> Add to wishlist </a><a class="compare button" href="https://ninetheme.com/themes/agrikon?action=yith-woocompare-add-product&#38;id=1821" rel="nofollow" data-product_id="1821">Compare</a></div>
</div>
&#160;
<div class="product_meta"></div>]]></description>
										<content:encoded><![CDATA[<h2>Description</h2>
<p>The generated Lorem Ipsum is therefore always free from repetition injected humour, or non-characteristic words etc. Susp endisse ultricies nisi vel quam suscipit. Sabertooth peacock flounder; chain pickerel hatchetfish, pencilfish snailfish filefish Antarctic icefish goldeye aholehole trumpetfish pilot fish airbreathing catfish, electric ray sweeper.</p>
]]></content:encoded>
					
					<wfw:commentRss>/san-pham/fresh-banana-6/feed/</wfw:commentRss>
			<slash:comments>0</slash:comments>
		
		
			</item>
		<item>
		<title>Fresh Banana</title>
		<link>/san-pham/fresh-banana-5/</link>
					<comments>/san-pham/fresh-banana-5/#respond</comments>
		
		<dc:creator><![CDATA[NguyenQuocHau]]></dc:creator>
		<pubDate>Tue, 25 Oct 2022 03:25:28 +0000</pubDate>
				<guid isPermaLink="false">/?post_type=product&#038;p=130</guid>

					<description><![CDATA[<div class="woocommerce-product-details__short-description">

The generated Lorem Ipsum is therefore always free from repetition injected humour, or non-characteristic words etc. Susp endisse ultricies nisi vel quam suscipit. Sabertooth peacock flounder…

</div>
<div class="yith-wcwl-add-to-wishlist add-to-wishlist-1821 wishlist-fragment on-first-load" data-fragment-ref="1821" data-fragment-options="{&#34;base_url&#34;:&#34;&#34;,&#34;in_default_wishlist&#34;:false,&#34;is_single&#34;:true,&#34;show_exists&#34;:false,&#34;product_id&#34;:1821,&#34;parent_product_id&#34;:1821,&#34;product_type&#34;:&#34;simple&#34;,&#34;show_view&#34;:true,&#34;browse_wishlist_text&#34;:&#34;Browse wishlist&#34;,&#34;already_in_wishslist_text&#34;:&#34;The product is already in your wishlist!&#34;,&#34;product_added_text&#34;:&#34;Product added!&#34;,&#34;heading_icon&#34;:&#34;fa-heart-o&#34;,&#34;available_multi_wishlist&#34;:false,&#34;disable_wishlist&#34;:false,&#34;show_count&#34;:false,&#34;ajax_loading&#34;:false,&#34;loop_position&#34;:&#34;after_add_to_cart&#34;,&#34;item&#34;:&#34;add_to_wishlist&#34;}">
<div class="yith-wcwl-add-button"><a class="add_to_wishlist single_add_to_wishlist button alt" href="https://ninetheme.com/themes/agrikon/product/fresh-banana-2/?add_to_wishlist=1821&#38;_wpnonce=423ee97ad9" rel="nofollow" data-product-id="1821" data-product-type="simple" data-original-product-id="1821" data-title="Add to wishlist"><i class="yith-wcwl-icon fa fa-heart-o"></i> Add to wishlist </a><a class="compare button" href="https://ninetheme.com/themes/agrikon?action=yith-woocompare-add-product&#38;id=1821" rel="nofollow" data-product_id="1821">Compare</a></div>
</div>
&#160;
<div class="product_meta"></div>]]></description>
										<content:encoded><![CDATA[<h2>Description</h2>
<p>The generated Lorem Ipsum is therefore always free from repetition injected humour, or non-characteristic words etc. Susp endisse ultricies nisi vel quam suscipit. Sabertooth peacock flounder; chain pickerel hatchetfish, pencilfish snailfish filefish Antarctic icefish goldeye aholehole trumpetfish pilot fish airbreathing catfish, electric ray sweeper.</p>
]]></content:encoded>
					
					<wfw:commentRss>/san-pham/fresh-banana-5/feed/</wfw:commentRss>
			<slash:comments>0</slash:comments>
		
		
			</item>
		<item>
		<title>Green Cabbage</title>
		<link>/san-pham/green-cabbage-2/</link>
					<comments>/san-pham/green-cabbage-2/#respond</comments>
		
		<dc:creator><![CDATA[NguyenQuocHau]]></dc:creator>
		<pubDate>Tue, 25 Oct 2022 03:19:11 +0000</pubDate>
				<guid isPermaLink="false">/?post_type=product&#038;p=129</guid>

					<description><![CDATA[The generated Lorem Ipsum is therefore always free from repetition injected humour, or non-characteristic words etc. Susp endisse ultricies nisi vel quam suscipit. Sabertooth peacock flounder…

<form class="variations_form cart wvs-loaded" style="box-sizing: border-box; margin: 0px 0px 20px; color: #6e7673; font-family: Inter, sans-serif; font-size: 16px; font-style: normal; font-variant-ligatures: normal; font-variant-caps: normal; font-weight: 400; letter-spacing: normal; orphans: 2; text-align: left; text-indent: 0px; text-transform: none; white-space: normal; widows: 2; word-spacing: 0px; -webkit-text-stroke-width: 0px; background-color: #ffffff; text-decoration-thickness: initial; text-decoration-style: initial; text-decoration-color: initial;" action="https://ninetheme.com/themes/agrikon/product/green-cabbage/" enctype="multipart/form-data" method="post" data-product_id="1818" data-product_variations="[{&#34;attributes&#34;:{&#34;attribute_pa_colors&#34;:&#34;&#34;,&#34;attribute_pa_weight&#34;:&#34;&#34;},&#34;availability_html&#34;:&#34;&#34;,&#34;backorders_allowed&#34;:false,&#34;dimensions&#34;:{&#34;length&#34;:&#34;22&#34;,&#34;width&#34;:&#34;33&#34;,&#34;height&#34;:&#34;44&#34;},&#34;dimensions_html&#34;:&#34;22 &#38;times; 33 &#38;times; 44 cm&#34;,&#34;display_price&#34;:4,&#34;display_regular_price&#34;:5,&#34;image&#34;:{&#34;title&#34;:&#34;p5.jpg&#34;,&#34;caption&#34;:&#34;&#34;,&#34;url&#34;:&#34;https://ninetheme.com/themes/agrikon/wp-content/uploads/2020/12/p5.jpg&#34;,&#34;alt&#34;:&#34;&#34;,&#34;src&#34;:&#34;https://ninetheme.com/themes/agrikon/wp-content/uploads/2020/12/p5.jpg&#34;,&#34;srcset&#34;:&#34;https://ninetheme.com/themes/agrikon/wp-content/uploads/2020/12/p5.jpg 800w, https://ninetheme.com/themes/agrikon/wp-content/uploads/2020/12/p5-450x450.jpg 450w, https://ninetheme.com/themes/agrikon/wp-content/uploads/2020/12/p5-100x100.jpg 100w, https://ninetheme.com/themes/agrikon/wp-content/uploads/2020/12/p5-750x750.jpg 750w, https://ninetheme.com/themes/agrikon/wp-content/uploads/2020/12/p5-300x300.jpg 300w, https://ninetheme.com/themes/agrikon/wp-content/uploads/2020/12/p5-150x150.jpg 150w, https://ninetheme.com/themes/agrikon/wp-content/uploads/2020/12/p5-768x768.jpg 768w, https://ninetheme.com/themes/agrikon/wp-content/uploads/2020/12/p5-30x30.jpg 30w, https://ninetheme.com/themes/agrikon/wp-content/uploads/2020/12/p5-500x500.jpg 500w&#34;,&#34;sizes&#34;:&#34;(max-width: 800px) 100vw, 800px&#34;,&#34;full_src&#34;:&#34;https://ninetheme.com/themes/agrikon/wp-content/uploads/2020/12/p5.jpg&#34;,&#34;full_src_w&#34;:800,&#34;full_src_h&#34;:800,&#34;gallery_thumbnail_src&#34;:&#34;https://ninetheme.com/themes/agrikon/wp-content/uploads/2020/12/p5-100x100.jpg&#34;,&#34;gallery_thumbnail_src_w&#34;:100,&#34;gallery_thumbnail_src_h&#34;:100,&#34;thumb_src&#34;:&#34;https://ninetheme.com/themes/agrikon/wp-content/uploads/2020/12/p5-450x450.jpg&#34;,&#34;thumb_src_w&#34;:450,&#34;thumb_src_h&#34;:450,&#34;src_w&#34;:800,&#34;src_h&#34;:800},&#34;image_id&#34;:1826,&#34;is_downloadable&#34;:false,&#34;is_in_stock&#34;:true,&#34;is_purchasable&#34;:true,&#34;is_sold_individually&#34;:&#34;no&#34;,&#34;is_virtual&#34;:false,&#34;max_qty&#34;:&#34;&#34;,&#34;min_qty&#34;:1,&#34;price_html&#34;:&#34;&#60;span class=&#34;price&#34;&#62;&#60;del aria-hidden=&#34;true&#34;&#62;&#60;span class=&#34;woocommerce-Price-amount amount&#34;&#62;&#60;bdi&#62;&#60;span class=&#34;woocommerce-Price-currencySymbol&#34;&#62;&#38;#36;&#60;/span&#62;5.00&#60;/bdi&#62;&#60;/span&#62;&#60;/del&#62; &#60;ins&#62;&#60;span class=&#34;woocommerce-Price-amount amount&#34;&#62;&#60;bdi&#62;&#60;span class=&#34;woocommerce-Price-currencySymbol&#34;&#62;&#38;#36;&#60;/span&#62;4.00&#60;/bdi&#62;&#60;/span&#62;&#60;/ins&#62;&#60;/span&#62;&#34;,&#34;sku&#34;:&#34;we12&#34;,&#34;variation_description&#34;:&#34;&#34;,&#34;variation_id&#34;:3970,&#34;variation_is_active&#34;:true,&#34;variation_is_visible&#34;:true,&#34;weight&#34;:&#34;2&#34;,&#34;weight_html&#34;:&#34;2 kg&#34;},{&#34;attributes&#34;:{&#34;attribute_pa_colors&#34;:&#34;&#34;,&#34;attribute_pa_weight&#34;:&#34;&#34;},&#34;availability_html&#34;:&#34;&#34;,&#34;backorders_allowed&#34;:false,&#34;dimensions&#34;:{&#34;length&#34;:&#34;22&#34;,&#34;width&#34;:&#34;33&#34;,&#34;height&#34;:&#34;44&#34;},&#34;dimensions_html&#34;:&#34;22 &#38;times; 33 &#38;times; 44 cm&#34;,&#34;display_price&#34;:3,&#34;display_regular_price&#34;:4,&#34;image&#34;:{&#34;title&#34;:&#34;p5.jpg&#34;,&#34;caption&#34;:&#34;&#34;,&#34;url&#34;:&#34;https://ninetheme.com/themes/agrikon/wp-content/uploads/2020/12/p5.jpg&#34;,&#34;alt&#34;:&#34;&#34;,&#34;src&#34;:&#34;https://ninetheme.com/themes/agrikon/wp-content/uploads/2020/12/p5.jpg&#34;,&#34;srcset&#34;:&#34;https://ninetheme.com/themes/agrikon/wp-content/uploads/2020/12/p5.jpg 800w, https://ninetheme.com/themes/agrikon/wp-content/uploads/2020/12/p5-450x450.jpg 450w, https://ninetheme.com/themes/agrikon/wp-content/uploads/2020/12/p5-100x100.jpg 100w, https://ninetheme.com/themes/agrikon/wp-content/uploads/2020/12/p5-750x750.jpg 750w, https://ninetheme.com/themes/agrikon/wp-content/uploads/2020/12/p5-300x300.jpg 300w, https://ninetheme.com/themes/agrikon/wp-content/uploads/2020/12/p5-150x150.jpg 150w, https://ninetheme.com/themes/agrikon/wp-content/uploads/2020/12/p5-768x768.jpg 768w, https://ninetheme.com/themes/agrikon/wp-content/uploads/2020/12/p5-30x30.jpg 30w, https://ninetheme.com/themes/agrikon/wp-content/uploads/2020/12/p5-500x500.jpg 500w&#34;,&#34;sizes&#34;:&#34;(max-width: 800px) 100vw, 800px&#34;,&#34;full_src&#34;:&#34;https://ninetheme.com/themes/agrikon/wp-content/uploads/2020/12/p5.jpg&#34;,&#34;full_src_w&#34;:800,&#34;full_src_h&#34;:800,&#34;gallery_thumbnail_src&#34;:&#34;https://ninetheme.com/themes/agrikon/wp-content/uploads/2020/12/p5-100x100.jpg&#34;,&#34;gallery_thumbnail_src_w&#34;:100,&#34;gallery_thumbnail_src_h&#34;:100,&#34;thumb_src&#34;:&#34;https://ninetheme.com/themes/agrikon/wp-content/uploads/2020/12/p5-450x450.jpg&#34;,&#34;thumb_src_w&#34;:450,&#34;thumb_src_h&#34;:450,&#34;src_w&#34;:800,&#34;src_h&#34;:800},&#34;image_id&#34;:1826,&#34;is_downloadable&#34;:false,&#34;is_in_stock&#34;:true,&#34;is_purchasable&#34;:true,&#34;is_sold_individually&#34;:&#34;no&#34;,&#34;is_virtual&#34;:false,&#34;max_qty&#34;:&#34;&#34;,&#34;min_qty&#34;:1,&#34;price_html&#34;:&#34;&#60;span class=&#34;price&#34;&#62;&#60;del aria-hidden=&#34;true&#34;&#62;&#60;span class=&#34;woocommerce-Price-amount amount&#34;&#62;&#60;bdi&#62;&#60;span class=&#34;woocommerce-Price-currencySymbol&#34;&#62;&#38;#36;&#60;/span&#62;4.00&#60;/bdi&#62;&#60;/span&#62;&#60;/del&#62; &#60;ins&#62;&#60;span class=&#34;woocommerce-Price-amount amount&#34;&#62;&#60;bdi&#62;&#60;span class=&#34;woocommerce-Price-currencySymbol&#34;&#62;&#38;#36;&#60;/span&#62;3.00&#60;/bdi&#62;&#60;/span&#62;&#60;/ins&#62;&#60;/span&#62;&#34;,&#34;sku&#34;:&#34;we12&#34;,&#34;variation_description&#34;:&#34;&#34;,&#34;variation_id&#34;:3972,&#34;variation_is_active&#34;:true,&#34;variation_is_visible&#34;:true,&#34;weight&#34;:&#34;2&#34;,&#34;weight_html&#34;:&#34;2 kg&#34;},{&#34;attributes&#34;:{&#34;attribute_pa_colors&#34;:&#34;&#34;,&#34;attribute_pa_weight&#34;:&#34;&#34;},&#34;availability_html&#34;:&#34;&#34;,&#34;backorders_allowed&#34;:false,&#34;dimensions&#34;:{&#34;length&#34;:&#34;22&#34;,&#34;width&#34;:&#34;33&#34;,&#34;height&#34;:&#34;44&#34;},&#34;dimensions_html&#34;:&#34;22 &#38;times; 33 &#38;times; 44 cm&#34;,&#34;display_price&#34;:1,&#34;display_regular_price&#34;:2,&#34;image&#34;:{&#34;title&#34;:&#34;p5.jpg&#34;,&#34;caption&#34;:&#34;&#34;,&#34;url&#34;:&#34;https://ninetheme.com/themes/agrikon/wp-content/uploads/2020/12/p5.jpg&#34;,&#34;alt&#34;:&#34;&#34;,&#34;src&#34;:&#34;https://ninetheme.com/themes/agrikon/wp-content/uploads/2020/12/p5.jpg&#34;,&#34;srcset&#34;:&#34;https://ninetheme.com/themes/agrikon/wp-content/uploads/2020/12/p5.jpg 800w, https://ninetheme.com/themes/agrikon/wp-content/uploads/2020/12/p5-450x450.jpg 450w, https://ninetheme.com/themes/agrikon/wp-content/uploads/2020/12/p5-100x100.jpg 100w, https://ninetheme.com/themes/agrikon/wp-content/uploads/2020/12/p5-750x750.jpg 750w, https://ninetheme.com/themes/agrikon/wp-content/uploads/2020/12/p5-300x300.jpg 300w, https://ninetheme.com/themes/agrikon/wp-content/uploads/2020/12/p5-150x150.jpg 150w, https://ninetheme.com/themes/agrikon/wp-content/uploads/2020/12/p5-768x768.jpg 768w, https://ninetheme.com/themes/agrikon/wp-content/uploads/2020/12/p5-30x30.jpg 30w, https://ninetheme.com/themes/agrikon/wp-content/uploads/2020/12/p5-500x500.jpg 500w&#34;,&#34;sizes&#34;:&#34;(max-width: 800px) 100vw, 800px&#34;,&#34;full_src&#34;:&#34;https://ninetheme.com/themes/agrikon/wp-content/uploads/2020/12/p5.jpg&#34;,&#34;full_src_w&#34;:800,&#34;full_src_h&#34;:800,&#34;gallery_thumbnail_src&#34;:&#34;https://ninetheme.com/themes/agrikon/wp-content/uploads/2020/12/p5-100x100.jpg&#34;,&#34;gallery_thumbnail_src_w&#34;:100,&#34;gallery_thumbnail_src_h&#34;:100,&#34;thumb_src&#34;:&#34;https://ninetheme.com/themes/agrikon/wp-content/uploads/2020/12/p5-450x450.jpg&#34;,&#34;thumb_src_w&#34;:450,&#34;thumb_src_h&#34;:450,&#34;src_w&#34;:800,&#34;src_h&#34;:800},&#34;image_id&#34;:1826,&#34;is_downloadable&#34;:false,&#34;is_in_stock&#34;:true,&#34;is_purchasable&#34;:true,&#34;is_sold_individually&#34;:&#34;no&#34;,&#34;is_virtual&#34;:false,&#34;max_qty&#34;:&#34;&#34;,&#34;min_qty&#34;:1,&#34;price_html&#34;:&#34;&#60;span class=&#34;price&#34;&#62;&#60;del aria-hidden=&#34;true&#34;&#62;&#60;span class=&#34;woocommerce-Price-amount amount&#34;&#62;&#60;bdi&#62;&#60;span class=&#34;woocommerce-Price-currencySymbol&#34;&#62;&#38;#36;&#60;/span&#62;2.00&#60;/bdi&#62;&#60;/span&#62;&#60;/del&#62; &#60;ins&#62;&#60;span class=&#34;woocommerce-Price-amount amount&#34;&#62;&#60;bdi&#62;&#60;span class=&#34;woocommerce-Price-currencySymbol&#34;&#62;&#38;#36;&#60;/span&#62;1.00&#60;/bdi&#62;&#60;/span&#62;&#60;/ins&#62;&#60;/span&#62;&#34;,&#34;sku&#34;:&#34;we12&#34;,&#34;variation_description&#34;:&#34;&#34;,&#34;variation_id&#34;:3974,&#34;variation_is_active&#34;:true,&#34;variation_is_visible&#34;:true,&#34;weight&#34;:&#34;2&#34;,&#34;weight_html&#34;:&#34;2 kg&#34;},{&#34;attributes&#34;:{&#34;attribute_pa_colors&#34;:&#34;&#34;,&#34;attribute_pa_weight&#34;:&#34;&#34;},&#34;availability_html&#34;:&#34;&#34;,&#34;backorders_allowed&#34;:false,&#34;dimensions&#34;:{&#34;length&#34;:&#34;22&#34;,&#34;width&#34;:&#34;33&#34;,&#34;height&#34;:&#34;44&#34;},&#34;dimensions_html&#34;:&#34;22 &#38;times; 33 &#38;times; 44 cm&#34;,&#34;display_price&#34;:5,&#34;display_regular_price&#34;:6,&#34;image&#34;:{&#34;title&#34;:&#34;p5.jpg&#34;,&#34;caption&#34;:&#34;&#34;,&#34;url&#34;:&#34;https://ninetheme.com/themes/agrikon/wp-content/uploads/2020/12/p5.jpg&#34;,&#34;alt&#34;:&#34;&#34;,&#34;src&#34;:&#34;https://ninetheme.com/themes/agrikon/wp-content/uploads/2020/12/p5.jpg&#34;,&#34;srcset&#34;:&#34;https://ninetheme.com/themes/agrikon/wp-content/uploads/2020/12/p5.jpg 800w, https://ninetheme.com/themes/agrikon/wp-content/uploads/2020/12/p5-450x450.jpg 450w, https://ninetheme.com/themes/agrikon/wp-content/uploads/2020/12/p5-100x100.jpg 100w, https://ninetheme.com/themes/agrikon/wp-content/uploads/2020/12/p5-750x750.jpg 750w, https://ninetheme.com/themes/agrikon/wp-content/uploads/2020/12/p5-300x300.jpg 300w, https://ninetheme.com/themes/agrikon/wp-content/uploads/2020/12/p5-150x150.jpg 150w, https://ninetheme.com/themes/agrikon/wp-content/uploads/2020/12/p5-768x768.jpg 768w, https://ninetheme.com/themes/agrikon/wp-content/uploads/2020/12/p5-30x30.jpg 30w, https://ninetheme.com/themes/agrikon/wp-content/uploads/2020/12/p5-500x500.jpg 500w&#34;,&#34;sizes&#34;:&#34;(max-width: 800px) 100vw, 800px&#34;,&#34;full_src&#34;:&#34;https://ninetheme.com/themes/agrikon/wp-content/uploads/2020/12/p5.jpg&#34;,&#34;full_src_w&#34;:800,&#34;full_src_h&#34;:800,&#34;gallery_thumbnail_src&#34;:&#34;https://ninetheme.com/themes/agrikon/wp-content/uploads/2020/12/p5-100x100.jpg&#34;,&#34;gallery_thumbnail_src_w&#34;:100,&#34;gallery_thumbnail_src_h&#34;:100,&#34;thumb_src&#34;:&#34;https://ninetheme.com/themes/agrikon/wp-content/uploads/2020/12/p5-450x450.jpg&#34;,&#34;thumb_src_w&#34;:450,&#34;thumb_src_h&#34;:450,&#34;src_w&#34;:800,&#34;src_h&#34;:800},&#34;image_id&#34;:1826,&#34;is_downloadable&#34;:false,&#34;is_in_stock&#34;:true,&#34;is_purchasable&#34;:true,&#34;is_sold_individually&#34;:&#34;no&#34;,&#34;is_virtual&#34;:false,&#34;max_qty&#34;:&#34;&#34;,&#34;min_qty&#34;:1,&#34;price_html&#34;:&#34;&#60;span class=&#34;price&#34;&#62;&#60;del aria-hidden=&#34;true&#34;&#62;&#60;span class=&#34;woocommerce-Price-amount amount&#34;&#62;&#60;bdi&#62;&#60;span class=&#34;woocommerce-Price-currencySymbol&#34;&#62;&#38;#36;&#60;/span&#62;6.00&#60;/bdi&#62;&#60;/span&#62;&#60;/del&#62; &#60;ins&#62;&#60;span class=&#34;woocommerce-Price-amount amount&#34;&#62;&#60;bdi&#62;&#60;span class=&#34;woocommerce-Price-currencySymbol&#34;&#62;&#38;#36;&#60;/span&#62;5.00&#60;/bdi&#62;&#60;/span&#62;&#60;/ins&#62;&#60;/span&#62;&#34;,&#34;sku&#34;:&#34;we12&#34;,&#34;variation_description&#34;:&#34;&#34;,&#34;variation_id&#34;:3976,&#34;variation_is_active&#34;:true,&#34;variation_is_visible&#34;:true,&#34;weight&#34;:&#34;2&#34;,&#34;weight_html&#34;:&#34;2 kg&#34;},{&#34;attributes&#34;:{&#34;attribute_pa_colors&#34;:&#34;&#34;,&#34;attribute_pa_weight&#34;:&#34;&#34;},&#34;availability_html&#34;:&#34;&#34;,&#34;backorders_allowed&#34;:false,&#34;dimensions&#34;:{&#34;length&#34;:&#34;22&#34;,&#34;width&#34;:&#34;33&#34;,&#34;height&#34;:&#34;44&#34;},&#34;dimensions_html&#34;:&#34;22 &#38;times; 33 &#38;times; 44 cm&#34;,&#34;display_price&#34;:6,&#34;display_regular_price&#34;:8,&#34;image&#34;:{&#34;title&#34;:&#34;p5.jpg&#34;,&#34;caption&#34;:&#34;&#34;,&#34;url&#34;:&#34;https://ninetheme.com/themes/agrikon/wp-content/uploads/2020/12/p5.jpg&#34;,&#34;alt&#34;:&#34;&#34;,&#34;src&#34;:&#34;https://ninetheme.com/themes/agrikon/wp-content/uploads/2020/12/p5.jpg&#34;,&#34;srcset&#34;:&#34;https://ninetheme.com/themes/agrikon/wp-content/uploads/2020/12/p5.jpg 800w, https://ninetheme.com/themes/agrikon/wp-content/uploads/2020/12/p5-450x450.jpg 450w, https://ninetheme.com/themes/agrikon/wp-content/uploads/2020/12/p5-100x100.jpg 100w, https://ninetheme.com/themes/agrikon/wp-content/uploads/2020/12/p5-750x750.jpg 750w, https://ninetheme.com/themes/agrikon/wp-content/uploads/2020/12/p5-300x300.jpg 300w, https://ninetheme.com/themes/agrikon/wp-content/uploads/2020/12/p5-150x150.jpg 150w, https://ninetheme.com/themes/agrikon/wp-content/uploads/2020/12/p5-768x768.jpg 768w, https://ninetheme.com/themes/agrikon/wp-content/uploads/2020/12/p5-30x30.jpg 30w, https://ninetheme.com/themes/agrikon/wp-content/uploads/2020/12/p5-500x500.jpg 500w&#34;,&#34;sizes&#34;:&#34;(max-width: 800px) 100vw, 800px&#34;,&#34;full_src&#34;:&#34;https://ninetheme.com/themes/agrikon/wp-content/uploads/2020/12/p5.jpg&#34;,&#34;full_src_w&#34;:800,&#34;full_src_h&#34;:800,&#34;gallery_thumbnail_src&#34;:&#34;https://ninetheme.com/themes/agrikon/wp-content/uploads/2020/12/p5-100x100.jpg&#34;,&#34;gallery_thumbnail_src_w&#34;:100,&#34;gallery_thumbnail_src_h&#34;:100,&#34;thumb_src&#34;:&#34;https://ninetheme.com/themes/agrikon/wp-content/uploads/2020/12/p5-450x450.jpg&#34;,&#34;thumb_src_w&#34;:450,&#34;thumb_src_h&#34;:450,&#34;src_w&#34;:800,&#34;src_h&#34;:800},&#34;image_id&#34;:1826,&#34;is_downloadable&#34;:false,&#34;is_in_stock&#34;:true,&#34;is_purchasable&#34;:true,&#34;is_sold_individually&#34;:&#34;no&#34;,&#34;is_virtual&#34;:false,&#34;max_qty&#34;:&#34;&#34;,&#34;min_qty&#34;:1,&#34;price_html&#34;:&#34;&#60;span class=&#34;price&#34;&#62;&#60;del aria-hidden=&#34;true&#34;&#62;&#60;span class=&#34;woocommerce-Price-amount amount&#34;&#62;&#60;bdi&#62;&#60;span class=&#34;woocommerce-Price-currencySymbol&#34;&#62;&#38;#36;&#60;/span&#62;8.00&#60;/bdi&#62;&#60;/span&#62;&#60;/del&#62; &#60;ins&#62;&#60;span class=&#34;woocommerce-Price-amount amount&#34;&#62;&#60;bdi&#62;&#60;span class=&#34;woocommerce-Price-currencySymbol&#34;&#62;&#38;#36;&#60;/span&#62;6.00&#60;/bdi&#62;&#60;/span&#62;&#60;/ins&#62;&#60;/span&#62;&#34;,&#34;sku&#34;:&#34;we12&#34;,&#34;variation_description&#34;:&#34;&#34;,&#34;variation_id&#34;:3977,&#34;variation_is_active&#34;:true,&#34;variation_is_visible&#34;:true,&#34;weight&#34;:&#34;2&#34;,&#34;weight_html&#34;:&#34;2 kg&#34;}]">
<div data-product_id="1818" data-threshold_min="30" data-threshold_max="100" data-total="5">
<div class="single_variation_wrap">
<div class="woocommerce-variation-add-to-cart variations_button woocommerce-variation-add-to-cart-disabled">
<div class="quantity"></div>
</div>
</div>
</div>
</form>
<div class="yith-wcwl-add-to-wishlist add-to-wishlist-1818 wishlist-fragment on-first-load" data-fragment-ref="1818" data-fragment-options="{&#34;base_url&#34;:&#34;&#34;,&#34;in_default_wishlist&#34;:false,&#34;is_single&#34;:true,&#34;show_exists&#34;:false,&#34;product_id&#34;:&#34;1818&#34;,&#34;parent_product_id&#34;:&#34;1818&#34;,&#34;product_type&#34;:&#34;variable&#34;,&#34;show_view&#34;:true,&#34;browse_wishlist_text&#34;:&#34;Browse wishlist&#34;,&#34;already_in_wishslist_text&#34;:&#34;The product is already in your wishlist!&#34;,&#34;product_added_text&#34;:&#34;Product added!&#34;,&#34;heading_icon&#34;:&#34;fa-heart-o&#34;,&#34;available_multi_wishlist&#34;:false,&#34;disable_wishlist&#34;:false,&#34;show_count&#34;:false,&#34;ajax_loading&#34;:false,&#34;loop_position&#34;:&#34;after_add_to_cart&#34;,&#34;item&#34;:&#34;add_to_wishlist&#34;}">
<div class="yith-wcwl-add-button"><a class="add_to_wishlist single_add_to_wishlist button alt" href="https://ninetheme.com/themes/agrikon/product/green-cabbage/?add_to_wishlist=1818&#38;_wpnonce=423ee97ad9" rel="nofollow" data-product-id="1818" data-product-type="variable" data-original-product-id="1818" data-title="Add to wishlist"><i class="yith-wcwl-icon fa fa-heart-o"></i> Add to wishlist  </a><a class="compare button" href="https://ninetheme.com/themes/agrikon?action=yith-woocompare-add-product&#38;id=1818" rel="nofollow" data-product_id="1818">Compare</a></div>
<div>
<h3>Frequently Bought Together</h3>
<form class="yith-wfbt-form" action="https://ninetheme.com/themes/agrikon/product/green-cabbage/?action=yith_bought_together&#38;_wpnonce=51a0a4dda0" method="post">
<table class="yith-wfbt-images">
<tbody>
<tr>
<td class="image-td" data-rel="offeringID_0"><a href="https://ninetheme.com/themes/agrikon/product/green-cabbage/"><img class="attachment-yith_wfbt_image_size size-yith_wfbt_image_size" src="https://f8g8b9p5.rocketcdn.me/themes/agrikon/wp-content/uploads/2020/12/p5.jpg" sizes="(max-width: 800px) 100vw, 800px" srcset="https://f8g8b9p5.rocketcdn.me/themes/agrikon/wp-content/uploads/2020/12/p5.jpg 800w, https://f8g8b9p5.rocketcdn.me/themes/agrikon/wp-content/uploads/2020/12/p5-450x450.jpg 450w, https://f8g8b9p5.rocketcdn.me/themes/agrikon/wp-content/uploads/2020/12/p5-100x100.jpg 100w, https://f8g8b9p5.rocketcdn.me/themes/agrikon/wp-content/uploads/2020/12/p5-750x750.jpg 750w, https://f8g8b9p5.rocketcdn.me/themes/agrikon/wp-content/uploads/2020/12/p5-300x300.jpg 300w, https://f8g8b9p5.rocketcdn.me/themes/agrikon/wp-content/uploads/2020/12/p5-150x150.jpg 150w, https://f8g8b9p5.rocketcdn.me/themes/agrikon/wp-content/uploads/2020/12/p5-768x768.jpg 768w, https://f8g8b9p5.rocketcdn.me/themes/agrikon/wp-content/uploads/2020/12/p5-30x30.jpg 30w, https://f8g8b9p5.rocketcdn.me/themes/agrikon/wp-content/uploads/2020/12/p5-500x500.jpg 500w" alt="" width="800" height="800" /></a></td>
<td class="image_plus image_plus_1" data-rel="offeringID_1">+</td>
<td class="image-td" data-rel="offeringID_1"><a href="https://ninetheme.com/themes/agrikon/product/fresh-banana/"><img class="attachment-yith_wfbt_image_size size-yith_wfbt_image_size" src="https://f8g8b9p5.rocketcdn.me/themes/agrikon/wp-content/uploads/2020/12/p6.jpg" sizes="(max-width: 800px) 100vw, 800px" srcset="https://f8g8b9p5.rocketcdn.me/themes/agrikon/wp-content/uploads/2020/12/p6.jpg 800w, https://f8g8b9p5.rocketcdn.me/themes/agrikon/wp-content/uploads/2020/12/p6-450x450.jpg 450w, https://f8g8b9p5.rocketcdn.me/themes/agrikon/wp-content/uploads/2020/12/p6-100x100.jpg 100w, https://f8g8b9p5.rocketcdn.me/themes/agrikon/wp-content/uploads/2020/12/p6-750x750.jpg 750w, https://f8g8b9p5.rocketcdn.me/themes/agrikon/wp-content/uploads/2020/12/p6-300x300.jpg 300w, https://f8g8b9p5.rocketcdn.me/themes/agrikon/wp-content/uploads/2020/12/p6-150x150.jpg 150w, https://f8g8b9p5.rocketcdn.me/themes/agrikon/wp-content/uploads/2020/12/p6-768x768.jpg 768w, https://f8g8b9p5.rocketcdn.me/themes/agrikon/wp-content/uploads/2020/12/p6-30x30.jpg 30w, https://f8g8b9p5.rocketcdn.me/themes/agrikon/wp-content/uploads/2020/12/p6-500x500.jpg 500w" alt="" width="800" height="800" /></a></td>
<td class="image_plus image_plus_2" data-rel="offeringID_2">+</td>
<td class="image-td" data-rel="offeringID_2"><a href="https://ninetheme.com/themes/agrikon/product/fresh-red-seedless/"><img class="attachment-yith_wfbt_image_size size-yith_wfbt_image_size" src="https://f8g8b9p5.rocketcdn.me/themes/agrikon/wp-content/uploads/2020/12/p16.jpg" sizes="(max-width: 800px) 100vw, 800px" srcset="https://f8g8b9p5.rocketcdn.me/themes/agrikon/wp-content/uploads/2020/12/p16.jpg 800w, https://f8g8b9p5.rocketcdn.me/themes/agrikon/wp-content/uploads/2020/12/p16-450x450.jpg 450w, https://f8g8b9p5.rocketcdn.me/themes/agrikon/wp-content/uploads/2020/12/p16-100x100.jpg 100w, https://f8g8b9p5.rocketcdn.me/themes/agrikon/wp-content/uploads/2020/12/p16-750x750.jpg 750w, https://f8g8b9p5.rocketcdn.me/themes/agrikon/wp-content/uploads/2020/12/p16-300x300.jpg 300w, https://f8g8b9p5.rocketcdn.me/themes/agrikon/wp-content/uploads/2020/12/p16-150x150.jpg 150w, https://f8g8b9p5.rocketcdn.me/themes/agrikon/wp-content/uploads/2020/12/p16-768x768.jpg 768w, https://f8g8b9p5.rocketcdn.me/themes/agrikon/wp-content/uploads/2020/12/p16-30x30.jpg 30w, https://f8g8b9p5.rocketcdn.me/themes/agrikon/wp-content/uploads/2020/12/p16-500x500.jpg 500w" alt="" width="800" height="800" /></a></td>
<td class="image_plus image_plus_3" data-rel="offeringID_3">+</td>
<td class="image-td" data-rel="offeringID_3"><a href="https://ninetheme.com/themes/agrikon/product/native-organic-carrot/"><img class="attachment-yith_wfbt_image_size size-yith_wfbt_image_size" src="https://f8g8b9p5.rocketcdn.me/themes/agrikon/wp-content/uploads/2020/12/p9.jpg" sizes="(max-width: 800px) 100vw, 800px" srcset="https://f8g8b9p5.rocketcdn.me/themes/agrikon/wp-content/uploads/2020/12/p9.jpg 800w, https://f8g8b9p5.rocketcdn.me/themes/agrikon/wp-content/uploads/2020/12/p9-450x450.jpg 450w, https://f8g8b9p5.rocketcdn.me/themes/agrikon/wp-content/uploads/2020/12/p9-100x100.jpg 100w, https://f8g8b9p5.rocketcdn.me/themes/agrikon/wp-content/uploads/2020/12/p9-750x750.jpg 750w, https://f8g8b9p5.rocketcdn.me/themes/agrikon/wp-content/uploads/2020/12/p9-300x300.jpg 300w, https://f8g8b9p5.rocketcdn.me/themes/agrikon/wp-content/uploads/2020/12/p9-150x150.jpg 150w, https://f8g8b9p5.rocketcdn.me/themes/agrikon/wp-content/uploads/2020/12/p9-768x768.jpg 768w, https://f8g8b9p5.rocketcdn.me/themes/agrikon/wp-content/uploads/2020/12/p9-30x30.jpg 30w, https://f8g8b9p5.rocketcdn.me/themes/agrikon/wp-content/uploads/2020/12/p9-500x500.jpg 500w" alt="" width="800" height="800" /></a></td>
</tr>
</tbody>
</table>
<div class="yith-wfbt-submit-block">
<div class="price_text"><span class="total_price_label">Price for all: </span>  <span class="total_price" data-total="24.13"><span class="woocommerce-Price-amount amount"><bdi><span class="woocommerce-Price-currencySymbol">$</span>24.13</bdi></span></span></div>
<button class="yith-wfbt-submit-button button" type="submit"> Add all to Cart</button>

</div>
<ul class="yith-wfbt-items">
 	<li class="yith-wfbt-item"><label for="offeringID_0"><span class="product-name">This Product: Green Cabbage </span>– <span class="price"><del aria-hidden="true"><span class="woocommerce-Price-amount amount"><bdi><span class="woocommerce-Price-currencySymbol">$</span>5.00</bdi></span></del> <ins><span class="woocommerce-Price-amount amount"><bdi><span class="woocommerce-Price-currencySymbol">$</span>4.00</bdi></span></ins></span></label></li>
 	<li class="yith-wfbt-item"><label for="offeringID_1"><span class="product-name">Fresh Banana </span>– <span class="price"><span class="woocommerce-Price-amount amount"><bdi><span class="woocommerce-Price-currencySymbol">$</span>10.99</bdi></span></span></label></li>
 	<li class="yith-wfbt-item"><label for="offeringID_2"><span class="product-name">Fresh Red Seedless </span>– <span class="price"><span class="woocommerce-Price-amount amount"><bdi><span class="woocommerce-Price-currencySymbol">$</span>8.15</bdi></span></span></label></li>
 	<li class="yith-wfbt-item"><label for="offeringID_3"><span class="product-name">Native Organic Carrot </span>– <span class="price"><del aria-hidden="true"><span class="woocommerce-Price-amount amount"><bdi><span class="woocommerce-Price-currencySymbol">$</span>1.12</bdi></span></del> <ins><span class="woocommerce-Price-amount amount"><bdi><span class="woocommerce-Price-currencySymbol">$</span>0.99</bdi></span></ins></span></label></li>
</ul>
</form></div>
</div>
&#160;
<div class="product_meta"></div>]]></description>
										<content:encoded><![CDATA[<h2>Description</h2>
<p>During the fermentation in conical stainless steel tanks, extreme attention was given to an extraction aimed at fresh and fragrant aromas, full colors, and supple, elegant textures and tannins. Once the wine had been run off its skins at the end of the fermentation, it was put through a full malolactic fermentation in oak barrels to fully bring out the finesse and expressiveness of the aromas. The aging process, which lasted approximately 12-14 months, then began and took place in 60 gallon French and Hungarian oak barrels, partly new and partly used once previously.</p>
]]></content:encoded>
					
					<wfw:commentRss>/san-pham/green-cabbage-2/feed/</wfw:commentRss>
			<slash:comments>0</slash:comments>
		
		
			</item>
		<item>
		<title>Green Cabbage</title>
		<link>/san-pham/green-cabbage/</link>
					<comments>/san-pham/green-cabbage/#respond</comments>
		
		<dc:creator><![CDATA[NguyenQuocHau]]></dc:creator>
		<pubDate>Tue, 25 Oct 2022 03:18:34 +0000</pubDate>
				<guid isPermaLink="false">/?post_type=product&#038;p=107</guid>

					<description><![CDATA[The generated Lorem Ipsum is therefore always free from repetition injected humour, or non-characteristic words etc. Susp endisse ultricies nisi vel quam suscipit. Sabertooth peacock flounder…

<form class="variations_form cart wvs-loaded" style="box-sizing: border-box; margin: 0px 0px 20px; color: #6e7673; font-family: Inter, sans-serif; font-size: 16px; font-style: normal; font-variant-ligatures: normal; font-variant-caps: normal; font-weight: 400; letter-spacing: normal; orphans: 2; text-align: left; text-indent: 0px; text-transform: none; white-space: normal; widows: 2; word-spacing: 0px; -webkit-text-stroke-width: 0px; background-color: #ffffff; text-decoration-thickness: initial; text-decoration-style: initial; text-decoration-color: initial;" action="https://ninetheme.com/themes/agrikon/product/green-cabbage/" enctype="multipart/form-data" method="post" data-product_id="1818" data-product_variations="[{&#34;attributes&#34;:{&#34;attribute_pa_colors&#34;:&#34;&#34;,&#34;attribute_pa_weight&#34;:&#34;&#34;},&#34;availability_html&#34;:&#34;&#34;,&#34;backorders_allowed&#34;:false,&#34;dimensions&#34;:{&#34;length&#34;:&#34;22&#34;,&#34;width&#34;:&#34;33&#34;,&#34;height&#34;:&#34;44&#34;},&#34;dimensions_html&#34;:&#34;22 &#38;times; 33 &#38;times; 44 cm&#34;,&#34;display_price&#34;:4,&#34;display_regular_price&#34;:5,&#34;image&#34;:{&#34;title&#34;:&#34;p5.jpg&#34;,&#34;caption&#34;:&#34;&#34;,&#34;url&#34;:&#34;https:\/\/ninetheme.com\/themes\/agrikon\/wp-content\/uploads\/2020\/12\/p5.jpg&#34;,&#34;alt&#34;:&#34;&#34;,&#34;src&#34;:&#34;https:\/\/ninetheme.com\/themes\/agrikon\/wp-content\/uploads\/2020\/12\/p5.jpg&#34;,&#34;srcset&#34;:&#34;https:\/\/ninetheme.com\/themes\/agrikon\/wp-content\/uploads\/2020\/12\/p5.jpg 800w, https:\/\/ninetheme.com\/themes\/agrikon\/wp-content\/uploads\/2020\/12\/p5-450x450.jpg 450w, https:\/\/ninetheme.com\/themes\/agrikon\/wp-content\/uploads\/2020\/12\/p5-100x100.jpg 100w, https:\/\/ninetheme.com\/themes\/agrikon\/wp-content\/uploads\/2020\/12\/p5-750x750.jpg 750w, https:\/\/ninetheme.com\/themes\/agrikon\/wp-content\/uploads\/2020\/12\/p5-300x300.jpg 300w, https:\/\/ninetheme.com\/themes\/agrikon\/wp-content\/uploads\/2020\/12\/p5-150x150.jpg 150w, https:\/\/ninetheme.com\/themes\/agrikon\/wp-content\/uploads\/2020\/12\/p5-768x768.jpg 768w, https:\/\/ninetheme.com\/themes\/agrikon\/wp-content\/uploads\/2020\/12\/p5-30x30.jpg 30w, https:\/\/ninetheme.com\/themes\/agrikon\/wp-content\/uploads\/2020\/12\/p5-500x500.jpg 500w&#34;,&#34;sizes&#34;:&#34;(max-width: 800px) 100vw, 800px&#34;,&#34;full_src&#34;:&#34;https:\/\/ninetheme.com\/themes\/agrikon\/wp-content\/uploads\/2020\/12\/p5.jpg&#34;,&#34;full_src_w&#34;:800,&#34;full_src_h&#34;:800,&#34;gallery_thumbnail_src&#34;:&#34;https:\/\/ninetheme.com\/themes\/agrikon\/wp-content\/uploads\/2020\/12\/p5-100x100.jpg&#34;,&#34;gallery_thumbnail_src_w&#34;:100,&#34;gallery_thumbnail_src_h&#34;:100,&#34;thumb_src&#34;:&#34;https:\/\/ninetheme.com\/themes\/agrikon\/wp-content\/uploads\/2020\/12\/p5-450x450.jpg&#34;,&#34;thumb_src_w&#34;:450,&#34;thumb_src_h&#34;:450,&#34;src_w&#34;:800,&#34;src_h&#34;:800},&#34;image_id&#34;:1826,&#34;is_downloadable&#34;:false,&#34;is_in_stock&#34;:true,&#34;is_purchasable&#34;:true,&#34;is_sold_individually&#34;:&#34;no&#34;,&#34;is_virtual&#34;:false,&#34;max_qty&#34;:&#34;&#34;,&#34;min_qty&#34;:1,&#34;price_html&#34;:&#34;&#60;span class=\&#34;price\&#34;&#62;&#60;del aria-hidden=\&#34;true\&#34;&#62;&#60;span class=\&#34;woocommerce-Price-amount amount\&#34;&#62;&#60;bdi&#62;&#60;span class=\&#34;woocommerce-Price-currencySymbol\&#34;&#62;&#38;#36;&#60;\/span&#62;5.00&#60;\/bdi&#62;&#60;\/span&#62;&#60;\/del&#62; &#60;ins&#62;&#60;span class=\&#34;woocommerce-Price-amount amount\&#34;&#62;&#60;bdi&#62;&#60;span class=\&#34;woocommerce-Price-currencySymbol\&#34;&#62;&#38;#36;&#60;\/span&#62;4.00&#60;\/bdi&#62;&#60;\/span&#62;&#60;\/ins&#62;&#60;\/span&#62;&#34;,&#34;sku&#34;:&#34;we12&#34;,&#34;variation_description&#34;:&#34;&#34;,&#34;variation_id&#34;:3970,&#34;variation_is_active&#34;:true,&#34;variation_is_visible&#34;:true,&#34;weight&#34;:&#34;2&#34;,&#34;weight_html&#34;:&#34;2 kg&#34;},{&#34;attributes&#34;:{&#34;attribute_pa_colors&#34;:&#34;&#34;,&#34;attribute_pa_weight&#34;:&#34;&#34;},&#34;availability_html&#34;:&#34;&#34;,&#34;backorders_allowed&#34;:false,&#34;dimensions&#34;:{&#34;length&#34;:&#34;22&#34;,&#34;width&#34;:&#34;33&#34;,&#34;height&#34;:&#34;44&#34;},&#34;dimensions_html&#34;:&#34;22 &#38;times; 33 &#38;times; 44 cm&#34;,&#34;display_price&#34;:3,&#34;display_regular_price&#34;:4,&#34;image&#34;:{&#34;title&#34;:&#34;p5.jpg&#34;,&#34;caption&#34;:&#34;&#34;,&#34;url&#34;:&#34;https:\/\/ninetheme.com\/themes\/agrikon\/wp-content\/uploads\/2020\/12\/p5.jpg&#34;,&#34;alt&#34;:&#34;&#34;,&#34;src&#34;:&#34;https:\/\/ninetheme.com\/themes\/agrikon\/wp-content\/uploads\/2020\/12\/p5.jpg&#34;,&#34;srcset&#34;:&#34;https:\/\/ninetheme.com\/themes\/agrikon\/wp-content\/uploads\/2020\/12\/p5.jpg 800w, https:\/\/ninetheme.com\/themes\/agrikon\/wp-content\/uploads\/2020\/12\/p5-450x450.jpg 450w, https:\/\/ninetheme.com\/themes\/agrikon\/wp-content\/uploads\/2020\/12\/p5-100x100.jpg 100w, https:\/\/ninetheme.com\/themes\/agrikon\/wp-content\/uploads\/2020\/12\/p5-750x750.jpg 750w, https:\/\/ninetheme.com\/themes\/agrikon\/wp-content\/uploads\/2020\/12\/p5-300x300.jpg 300w, https:\/\/ninetheme.com\/themes\/agrikon\/wp-content\/uploads\/2020\/12\/p5-150x150.jpg 150w, https:\/\/ninetheme.com\/themes\/agrikon\/wp-content\/uploads\/2020\/12\/p5-768x768.jpg 768w, https:\/\/ninetheme.com\/themes\/agrikon\/wp-content\/uploads\/2020\/12\/p5-30x30.jpg 30w, https:\/\/ninetheme.com\/themes\/agrikon\/wp-content\/uploads\/2020\/12\/p5-500x500.jpg 500w&#34;,&#34;sizes&#34;:&#34;(max-width: 800px) 100vw, 800px&#34;,&#34;full_src&#34;:&#34;https:\/\/ninetheme.com\/themes\/agrikon\/wp-content\/uploads\/2020\/12\/p5.jpg&#34;,&#34;full_src_w&#34;:800,&#34;full_src_h&#34;:800,&#34;gallery_thumbnail_src&#34;:&#34;https:\/\/ninetheme.com\/themes\/agrikon\/wp-content\/uploads\/2020\/12\/p5-100x100.jpg&#34;,&#34;gallery_thumbnail_src_w&#34;:100,&#34;gallery_thumbnail_src_h&#34;:100,&#34;thumb_src&#34;:&#34;https:\/\/ninetheme.com\/themes\/agrikon\/wp-content\/uploads\/2020\/12\/p5-450x450.jpg&#34;,&#34;thumb_src_w&#34;:450,&#34;thumb_src_h&#34;:450,&#34;src_w&#34;:800,&#34;src_h&#34;:800},&#34;image_id&#34;:1826,&#34;is_downloadable&#34;:false,&#34;is_in_stock&#34;:true,&#34;is_purchasable&#34;:true,&#34;is_sold_individually&#34;:&#34;no&#34;,&#34;is_virtual&#34;:false,&#34;max_qty&#34;:&#34;&#34;,&#34;min_qty&#34;:1,&#34;price_html&#34;:&#34;&#60;span class=\&#34;price\&#34;&#62;&#60;del aria-hidden=\&#34;true\&#34;&#62;&#60;span class=\&#34;woocommerce-Price-amount amount\&#34;&#62;&#60;bdi&#62;&#60;span class=\&#34;woocommerce-Price-currencySymbol\&#34;&#62;&#38;#36;&#60;\/span&#62;4.00&#60;\/bdi&#62;&#60;\/span&#62;&#60;\/del&#62; &#60;ins&#62;&#60;span class=\&#34;woocommerce-Price-amount amount\&#34;&#62;&#60;bdi&#62;&#60;span class=\&#34;woocommerce-Price-currencySymbol\&#34;&#62;&#38;#36;&#60;\/span&#62;3.00&#60;\/bdi&#62;&#60;\/span&#62;&#60;\/ins&#62;&#60;\/span&#62;&#34;,&#34;sku&#34;:&#34;we12&#34;,&#34;variation_description&#34;:&#34;&#34;,&#34;variation_id&#34;:3972,&#34;variation_is_active&#34;:true,&#34;variation_is_visible&#34;:true,&#34;weight&#34;:&#34;2&#34;,&#34;weight_html&#34;:&#34;2 kg&#34;},{&#34;attributes&#34;:{&#34;attribute_pa_colors&#34;:&#34;&#34;,&#34;attribute_pa_weight&#34;:&#34;&#34;},&#34;availability_html&#34;:&#34;&#34;,&#34;backorders_allowed&#34;:false,&#34;dimensions&#34;:{&#34;length&#34;:&#34;22&#34;,&#34;width&#34;:&#34;33&#34;,&#34;height&#34;:&#34;44&#34;},&#34;dimensions_html&#34;:&#34;22 &#38;times; 33 &#38;times; 44 cm&#34;,&#34;display_price&#34;:1,&#34;display_regular_price&#34;:2,&#34;image&#34;:{&#34;title&#34;:&#34;p5.jpg&#34;,&#34;caption&#34;:&#34;&#34;,&#34;url&#34;:&#34;https:\/\/ninetheme.com\/themes\/agrikon\/wp-content\/uploads\/2020\/12\/p5.jpg&#34;,&#34;alt&#34;:&#34;&#34;,&#34;src&#34;:&#34;https:\/\/ninetheme.com\/themes\/agrikon\/wp-content\/uploads\/2020\/12\/p5.jpg&#34;,&#34;srcset&#34;:&#34;https:\/\/ninetheme.com\/themes\/agrikon\/wp-content\/uploads\/2020\/12\/p5.jpg 800w, https:\/\/ninetheme.com\/themes\/agrikon\/wp-content\/uploads\/2020\/12\/p5-450x450.jpg 450w, https:\/\/ninetheme.com\/themes\/agrikon\/wp-content\/uploads\/2020\/12\/p5-100x100.jpg 100w, https:\/\/ninetheme.com\/themes\/agrikon\/wp-content\/uploads\/2020\/12\/p5-750x750.jpg 750w, https:\/\/ninetheme.com\/themes\/agrikon\/wp-content\/uploads\/2020\/12\/p5-300x300.jpg 300w, https:\/\/ninetheme.com\/themes\/agrikon\/wp-content\/uploads\/2020\/12\/p5-150x150.jpg 150w, https:\/\/ninetheme.com\/themes\/agrikon\/wp-content\/uploads\/2020\/12\/p5-768x768.jpg 768w, https:\/\/ninetheme.com\/themes\/agrikon\/wp-content\/uploads\/2020\/12\/p5-30x30.jpg 30w, https:\/\/ninetheme.com\/themes\/agrikon\/wp-content\/uploads\/2020\/12\/p5-500x500.jpg 500w&#34;,&#34;sizes&#34;:&#34;(max-width: 800px) 100vw, 800px&#34;,&#34;full_src&#34;:&#34;https:\/\/ninetheme.com\/themes\/agrikon\/wp-content\/uploads\/2020\/12\/p5.jpg&#34;,&#34;full_src_w&#34;:800,&#34;full_src_h&#34;:800,&#34;gallery_thumbnail_src&#34;:&#34;https:\/\/ninetheme.com\/themes\/agrikon\/wp-content\/uploads\/2020\/12\/p5-100x100.jpg&#34;,&#34;gallery_thumbnail_src_w&#34;:100,&#34;gallery_thumbnail_src_h&#34;:100,&#34;thumb_src&#34;:&#34;https:\/\/ninetheme.com\/themes\/agrikon\/wp-content\/uploads\/2020\/12\/p5-450x450.jpg&#34;,&#34;thumb_src_w&#34;:450,&#34;thumb_src_h&#34;:450,&#34;src_w&#34;:800,&#34;src_h&#34;:800},&#34;image_id&#34;:1826,&#34;is_downloadable&#34;:false,&#34;is_in_stock&#34;:true,&#34;is_purchasable&#34;:true,&#34;is_sold_individually&#34;:&#34;no&#34;,&#34;is_virtual&#34;:false,&#34;max_qty&#34;:&#34;&#34;,&#34;min_qty&#34;:1,&#34;price_html&#34;:&#34;&#60;span class=\&#34;price\&#34;&#62;&#60;del aria-hidden=\&#34;true\&#34;&#62;&#60;span class=\&#34;woocommerce-Price-amount amount\&#34;&#62;&#60;bdi&#62;&#60;span class=\&#34;woocommerce-Price-currencySymbol\&#34;&#62;&#38;#36;&#60;\/span&#62;2.00&#60;\/bdi&#62;&#60;\/span&#62;&#60;\/del&#62; &#60;ins&#62;&#60;span class=\&#34;woocommerce-Price-amount amount\&#34;&#62;&#60;bdi&#62;&#60;span class=\&#34;woocommerce-Price-currencySymbol\&#34;&#62;&#38;#36;&#60;\/span&#62;1.00&#60;\/bdi&#62;&#60;\/span&#62;&#60;\/ins&#62;&#60;\/span&#62;&#34;,&#34;sku&#34;:&#34;we12&#34;,&#34;variation_description&#34;:&#34;&#34;,&#34;variation_id&#34;:3974,&#34;variation_is_active&#34;:true,&#34;variation_is_visible&#34;:true,&#34;weight&#34;:&#34;2&#34;,&#34;weight_html&#34;:&#34;2 kg&#34;},{&#34;attributes&#34;:{&#34;attribute_pa_colors&#34;:&#34;&#34;,&#34;attribute_pa_weight&#34;:&#34;&#34;},&#34;availability_html&#34;:&#34;&#34;,&#34;backorders_allowed&#34;:false,&#34;dimensions&#34;:{&#34;length&#34;:&#34;22&#34;,&#34;width&#34;:&#34;33&#34;,&#34;height&#34;:&#34;44&#34;},&#34;dimensions_html&#34;:&#34;22 &#38;times; 33 &#38;times; 44 cm&#34;,&#34;display_price&#34;:5,&#34;display_regular_price&#34;:6,&#34;image&#34;:{&#34;title&#34;:&#34;p5.jpg&#34;,&#34;caption&#34;:&#34;&#34;,&#34;url&#34;:&#34;https:\/\/ninetheme.com\/themes\/agrikon\/wp-content\/uploads\/2020\/12\/p5.jpg&#34;,&#34;alt&#34;:&#34;&#34;,&#34;src&#34;:&#34;https:\/\/ninetheme.com\/themes\/agrikon\/wp-content\/uploads\/2020\/12\/p5.jpg&#34;,&#34;srcset&#34;:&#34;https:\/\/ninetheme.com\/themes\/agrikon\/wp-content\/uploads\/2020\/12\/p5.jpg 800w, https:\/\/ninetheme.com\/themes\/agrikon\/wp-content\/uploads\/2020\/12\/p5-450x450.jpg 450w, https:\/\/ninetheme.com\/themes\/agrikon\/wp-content\/uploads\/2020\/12\/p5-100x100.jpg 100w, https:\/\/ninetheme.com\/themes\/agrikon\/wp-content\/uploads\/2020\/12\/p5-750x750.jpg 750w, https:\/\/ninetheme.com\/themes\/agrikon\/wp-content\/uploads\/2020\/12\/p5-300x300.jpg 300w, https:\/\/ninetheme.com\/themes\/agrikon\/wp-content\/uploads\/2020\/12\/p5-150x150.jpg 150w, https:\/\/ninetheme.com\/themes\/agrikon\/wp-content\/uploads\/2020\/12\/p5-768x768.jpg 768w, https:\/\/ninetheme.com\/themes\/agrikon\/wp-content\/uploads\/2020\/12\/p5-30x30.jpg 30w, https:\/\/ninetheme.com\/themes\/agrikon\/wp-content\/uploads\/2020\/12\/p5-500x500.jpg 500w&#34;,&#34;sizes&#34;:&#34;(max-width: 800px) 100vw, 800px&#34;,&#34;full_src&#34;:&#34;https:\/\/ninetheme.com\/themes\/agrikon\/wp-content\/uploads\/2020\/12\/p5.jpg&#34;,&#34;full_src_w&#34;:800,&#34;full_src_h&#34;:800,&#34;gallery_thumbnail_src&#34;:&#34;https:\/\/ninetheme.com\/themes\/agrikon\/wp-content\/uploads\/2020\/12\/p5-100x100.jpg&#34;,&#34;gallery_thumbnail_src_w&#34;:100,&#34;gallery_thumbnail_src_h&#34;:100,&#34;thumb_src&#34;:&#34;https:\/\/ninetheme.com\/themes\/agrikon\/wp-content\/uploads\/2020\/12\/p5-450x450.jpg&#34;,&#34;thumb_src_w&#34;:450,&#34;thumb_src_h&#34;:450,&#34;src_w&#34;:800,&#34;src_h&#34;:800},&#34;image_id&#34;:1826,&#34;is_downloadable&#34;:false,&#34;is_in_stock&#34;:true,&#34;is_purchasable&#34;:true,&#34;is_sold_individually&#34;:&#34;no&#34;,&#34;is_virtual&#34;:false,&#34;max_qty&#34;:&#34;&#34;,&#34;min_qty&#34;:1,&#34;price_html&#34;:&#34;&#60;span class=\&#34;price\&#34;&#62;&#60;del aria-hidden=\&#34;true\&#34;&#62;&#60;span class=\&#34;woocommerce-Price-amount amount\&#34;&#62;&#60;bdi&#62;&#60;span class=\&#34;woocommerce-Price-currencySymbol\&#34;&#62;&#38;#36;&#60;\/span&#62;6.00&#60;\/bdi&#62;&#60;\/span&#62;&#60;\/del&#62; &#60;ins&#62;&#60;span class=\&#34;woocommerce-Price-amount amount\&#34;&#62;&#60;bdi&#62;&#60;span class=\&#34;woocommerce-Price-currencySymbol\&#34;&#62;&#38;#36;&#60;\/span&#62;5.00&#60;\/bdi&#62;&#60;\/span&#62;&#60;\/ins&#62;&#60;\/span&#62;&#34;,&#34;sku&#34;:&#34;we12&#34;,&#34;variation_description&#34;:&#34;&#34;,&#34;variation_id&#34;:3976,&#34;variation_is_active&#34;:true,&#34;variation_is_visible&#34;:true,&#34;weight&#34;:&#34;2&#34;,&#34;weight_html&#34;:&#34;2 kg&#34;},{&#34;attributes&#34;:{&#34;attribute_pa_colors&#34;:&#34;&#34;,&#34;attribute_pa_weight&#34;:&#34;&#34;},&#34;availability_html&#34;:&#34;&#34;,&#34;backorders_allowed&#34;:false,&#34;dimensions&#34;:{&#34;length&#34;:&#34;22&#34;,&#34;width&#34;:&#34;33&#34;,&#34;height&#34;:&#34;44&#34;},&#34;dimensions_html&#34;:&#34;22 &#38;times; 33 &#38;times; 44 cm&#34;,&#34;display_price&#34;:6,&#34;display_regular_price&#34;:8,&#34;image&#34;:{&#34;title&#34;:&#34;p5.jpg&#34;,&#34;caption&#34;:&#34;&#34;,&#34;url&#34;:&#34;https:\/\/ninetheme.com\/themes\/agrikon\/wp-content\/uploads\/2020\/12\/p5.jpg&#34;,&#34;alt&#34;:&#34;&#34;,&#34;src&#34;:&#34;https:\/\/ninetheme.com\/themes\/agrikon\/wp-content\/uploads\/2020\/12\/p5.jpg&#34;,&#34;srcset&#34;:&#34;https:\/\/ninetheme.com\/themes\/agrikon\/wp-content\/uploads\/2020\/12\/p5.jpg 800w, https:\/\/ninetheme.com\/themes\/agrikon\/wp-content\/uploads\/2020\/12\/p5-450x450.jpg 450w, https:\/\/ninetheme.com\/themes\/agrikon\/wp-content\/uploads\/2020\/12\/p5-100x100.jpg 100w, https:\/\/ninetheme.com\/themes\/agrikon\/wp-content\/uploads\/2020\/12\/p5-750x750.jpg 750w, https:\/\/ninetheme.com\/themes\/agrikon\/wp-content\/uploads\/2020\/12\/p5-300x300.jpg 300w, https:\/\/ninetheme.com\/themes\/agrikon\/wp-content\/uploads\/2020\/12\/p5-150x150.jpg 150w, https:\/\/ninetheme.com\/themes\/agrikon\/wp-content\/uploads\/2020\/12\/p5-768x768.jpg 768w, https:\/\/ninetheme.com\/themes\/agrikon\/wp-content\/uploads\/2020\/12\/p5-30x30.jpg 30w, https:\/\/ninetheme.com\/themes\/agrikon\/wp-content\/uploads\/2020\/12\/p5-500x500.jpg 500w&#34;,&#34;sizes&#34;:&#34;(max-width: 800px) 100vw, 800px&#34;,&#34;full_src&#34;:&#34;https:\/\/ninetheme.com\/themes\/agrikon\/wp-content\/uploads\/2020\/12\/p5.jpg&#34;,&#34;full_src_w&#34;:800,&#34;full_src_h&#34;:800,&#34;gallery_thumbnail_src&#34;:&#34;https:\/\/ninetheme.com\/themes\/agrikon\/wp-content\/uploads\/2020\/12\/p5-100x100.jpg&#34;,&#34;gallery_thumbnail_src_w&#34;:100,&#34;gallery_thumbnail_src_h&#34;:100,&#34;thumb_src&#34;:&#34;https:\/\/ninetheme.com\/themes\/agrikon\/wp-content\/uploads\/2020\/12\/p5-450x450.jpg&#34;,&#34;thumb_src_w&#34;:450,&#34;thumb_src_h&#34;:450,&#34;src_w&#34;:800,&#34;src_h&#34;:800},&#34;image_id&#34;:1826,&#34;is_downloadable&#34;:false,&#34;is_in_stock&#34;:true,&#34;is_purchasable&#34;:true,&#34;is_sold_individually&#34;:&#34;no&#34;,&#34;is_virtual&#34;:false,&#34;max_qty&#34;:&#34;&#34;,&#34;min_qty&#34;:1,&#34;price_html&#34;:&#34;&#60;span class=\&#34;price\&#34;&#62;&#60;del aria-hidden=\&#34;true\&#34;&#62;&#60;span class=\&#34;woocommerce-Price-amount amount\&#34;&#62;&#60;bdi&#62;&#60;span class=\&#34;woocommerce-Price-currencySymbol\&#34;&#62;&#38;#36;&#60;\/span&#62;8.00&#60;\/bdi&#62;&#60;\/span&#62;&#60;\/del&#62; &#60;ins&#62;&#60;span class=\&#34;woocommerce-Price-amount amount\&#34;&#62;&#60;bdi&#62;&#60;span class=\&#34;woocommerce-Price-currencySymbol\&#34;&#62;&#38;#36;&#60;\/span&#62;6.00&#60;\/bdi&#62;&#60;\/span&#62;&#60;\/ins&#62;&#60;\/span&#62;&#34;,&#34;sku&#34;:&#34;we12&#34;,&#34;variation_description&#34;:&#34;&#34;,&#34;variation_id&#34;:3977,&#34;variation_is_active&#34;:true,&#34;variation_is_visible&#34;:true,&#34;weight&#34;:&#34;2&#34;,&#34;weight_html&#34;:&#34;2 kg&#34;}]">
<div data-product_id="1818" data-threshold_min="30" data-threshold_max="100" data-total="5">
<div class="single_variation_wrap">
<div class="woocommerce-variation-add-to-cart variations_button woocommerce-variation-add-to-cart-disabled">
<div class="quantity"></div>
</div>
</div>
</div>
</form>
<div class="yith-wcwl-add-to-wishlist add-to-wishlist-1818 wishlist-fragment on-first-load" data-fragment-ref="1818" data-fragment-options="{&#34;base_url&#34;:&#34;&#34;,&#34;in_default_wishlist&#34;:false,&#34;is_single&#34;:true,&#34;show_exists&#34;:false,&#34;product_id&#34;:&#34;1818&#34;,&#34;parent_product_id&#34;:&#34;1818&#34;,&#34;product_type&#34;:&#34;variable&#34;,&#34;show_view&#34;:true,&#34;browse_wishlist_text&#34;:&#34;Browse wishlist&#34;,&#34;already_in_wishslist_text&#34;:&#34;The product is already in your wishlist!&#34;,&#34;product_added_text&#34;:&#34;Product added!&#34;,&#34;heading_icon&#34;:&#34;fa-heart-o&#34;,&#34;available_multi_wishlist&#34;:false,&#34;disable_wishlist&#34;:false,&#34;show_count&#34;:false,&#34;ajax_loading&#34;:false,&#34;loop_position&#34;:&#34;after_add_to_cart&#34;,&#34;item&#34;:&#34;add_to_wishlist&#34;}">
<div class="yith-wcwl-add-button"><a class="add_to_wishlist single_add_to_wishlist button alt" href="https://ninetheme.com/themes/agrikon/product/green-cabbage/?add_to_wishlist=1818&#38;_wpnonce=423ee97ad9" rel="nofollow" data-product-id="1818" data-product-type="variable" data-original-product-id="1818" data-title="Add to wishlist"><i class="yith-wcwl-icon fa fa-heart-o"></i> Add to wishlist  </a><a class="compare button" href="https://ninetheme.com/themes/agrikon?action=yith-woocompare-add-product&#38;id=1818" rel="nofollow" data-product_id="1818">Compare</a></div>
<div>
<h3>Frequently Bought Together</h3>
<form class="yith-wfbt-form" action="https://ninetheme.com/themes/agrikon/product/green-cabbage/?action=yith_bought_together&#38;_wpnonce=51a0a4dda0" method="post">
<table class="yith-wfbt-images">
<tbody>
<tr>
<td class="image-td" data-rel="offeringID_0"><a href="https://ninetheme.com/themes/agrikon/product/green-cabbage/"><img class="attachment-yith_wfbt_image_size size-yith_wfbt_image_size" src="https://f8g8b9p5.rocketcdn.me/themes/agrikon/wp-content/uploads/2020/12/p5.jpg" sizes="(max-width: 800px) 100vw, 800px" srcset="https://f8g8b9p5.rocketcdn.me/themes/agrikon/wp-content/uploads/2020/12/p5.jpg 800w, https://f8g8b9p5.rocketcdn.me/themes/agrikon/wp-content/uploads/2020/12/p5-450x450.jpg 450w, https://f8g8b9p5.rocketcdn.me/themes/agrikon/wp-content/uploads/2020/12/p5-100x100.jpg 100w, https://f8g8b9p5.rocketcdn.me/themes/agrikon/wp-content/uploads/2020/12/p5-750x750.jpg 750w, https://f8g8b9p5.rocketcdn.me/themes/agrikon/wp-content/uploads/2020/12/p5-300x300.jpg 300w, https://f8g8b9p5.rocketcdn.me/themes/agrikon/wp-content/uploads/2020/12/p5-150x150.jpg 150w, https://f8g8b9p5.rocketcdn.me/themes/agrikon/wp-content/uploads/2020/12/p5-768x768.jpg 768w, https://f8g8b9p5.rocketcdn.me/themes/agrikon/wp-content/uploads/2020/12/p5-30x30.jpg 30w, https://f8g8b9p5.rocketcdn.me/themes/agrikon/wp-content/uploads/2020/12/p5-500x500.jpg 500w" alt="" width="800" height="800" /></a></td>
<td class="image_plus image_plus_1" data-rel="offeringID_1">+</td>
<td class="image-td" data-rel="offeringID_1"><a href="https://ninetheme.com/themes/agrikon/product/fresh-banana/"><img class="attachment-yith_wfbt_image_size size-yith_wfbt_image_size" src="https://f8g8b9p5.rocketcdn.me/themes/agrikon/wp-content/uploads/2020/12/p6.jpg" sizes="(max-width: 800px) 100vw, 800px" srcset="https://f8g8b9p5.rocketcdn.me/themes/agrikon/wp-content/uploads/2020/12/p6.jpg 800w, https://f8g8b9p5.rocketcdn.me/themes/agrikon/wp-content/uploads/2020/12/p6-450x450.jpg 450w, https://f8g8b9p5.rocketcdn.me/themes/agrikon/wp-content/uploads/2020/12/p6-100x100.jpg 100w, https://f8g8b9p5.rocketcdn.me/themes/agrikon/wp-content/uploads/2020/12/p6-750x750.jpg 750w, https://f8g8b9p5.rocketcdn.me/themes/agrikon/wp-content/uploads/2020/12/p6-300x300.jpg 300w, https://f8g8b9p5.rocketcdn.me/themes/agrikon/wp-content/uploads/2020/12/p6-150x150.jpg 150w, https://f8g8b9p5.rocketcdn.me/themes/agrikon/wp-content/uploads/2020/12/p6-768x768.jpg 768w, https://f8g8b9p5.rocketcdn.me/themes/agrikon/wp-content/uploads/2020/12/p6-30x30.jpg 30w, https://f8g8b9p5.rocketcdn.me/themes/agrikon/wp-content/uploads/2020/12/p6-500x500.jpg 500w" alt="" width="800" height="800" /></a></td>
<td class="image_plus image_plus_2" data-rel="offeringID_2">+</td>
<td class="image-td" data-rel="offeringID_2"><a href="https://ninetheme.com/themes/agrikon/product/fresh-red-seedless/"><img class="attachment-yith_wfbt_image_size size-yith_wfbt_image_size" src="https://f8g8b9p5.rocketcdn.me/themes/agrikon/wp-content/uploads/2020/12/p16.jpg" sizes="(max-width: 800px) 100vw, 800px" srcset="https://f8g8b9p5.rocketcdn.me/themes/agrikon/wp-content/uploads/2020/12/p16.jpg 800w, https://f8g8b9p5.rocketcdn.me/themes/agrikon/wp-content/uploads/2020/12/p16-450x450.jpg 450w, https://f8g8b9p5.rocketcdn.me/themes/agrikon/wp-content/uploads/2020/12/p16-100x100.jpg 100w, https://f8g8b9p5.rocketcdn.me/themes/agrikon/wp-content/uploads/2020/12/p16-750x750.jpg 750w, https://f8g8b9p5.rocketcdn.me/themes/agrikon/wp-content/uploads/2020/12/p16-300x300.jpg 300w, https://f8g8b9p5.rocketcdn.me/themes/agrikon/wp-content/uploads/2020/12/p16-150x150.jpg 150w, https://f8g8b9p5.rocketcdn.me/themes/agrikon/wp-content/uploads/2020/12/p16-768x768.jpg 768w, https://f8g8b9p5.rocketcdn.me/themes/agrikon/wp-content/uploads/2020/12/p16-30x30.jpg 30w, https://f8g8b9p5.rocketcdn.me/themes/agrikon/wp-content/uploads/2020/12/p16-500x500.jpg 500w" alt="" width="800" height="800" /></a></td>
<td class="image_plus image_plus_3" data-rel="offeringID_3">+</td>
<td class="image-td" data-rel="offeringID_3"><a href="https://ninetheme.com/themes/agrikon/product/native-organic-carrot/"><img class="attachment-yith_wfbt_image_size size-yith_wfbt_image_size" src="https://f8g8b9p5.rocketcdn.me/themes/agrikon/wp-content/uploads/2020/12/p9.jpg" sizes="(max-width: 800px) 100vw, 800px" srcset="https://f8g8b9p5.rocketcdn.me/themes/agrikon/wp-content/uploads/2020/12/p9.jpg 800w, https://f8g8b9p5.rocketcdn.me/themes/agrikon/wp-content/uploads/2020/12/p9-450x450.jpg 450w, https://f8g8b9p5.rocketcdn.me/themes/agrikon/wp-content/uploads/2020/12/p9-100x100.jpg 100w, https://f8g8b9p5.rocketcdn.me/themes/agrikon/wp-content/uploads/2020/12/p9-750x750.jpg 750w, https://f8g8b9p5.rocketcdn.me/themes/agrikon/wp-content/uploads/2020/12/p9-300x300.jpg 300w, https://f8g8b9p5.rocketcdn.me/themes/agrikon/wp-content/uploads/2020/12/p9-150x150.jpg 150w, https://f8g8b9p5.rocketcdn.me/themes/agrikon/wp-content/uploads/2020/12/p9-768x768.jpg 768w, https://f8g8b9p5.rocketcdn.me/themes/agrikon/wp-content/uploads/2020/12/p9-30x30.jpg 30w, https://f8g8b9p5.rocketcdn.me/themes/agrikon/wp-content/uploads/2020/12/p9-500x500.jpg 500w" alt="" width="800" height="800" /></a></td>
</tr>
</tbody>
</table>
<div class="yith-wfbt-submit-block">
<div class="price_text"><span class="total_price_label">Price for all: </span>  <span class="total_price" data-total="24.13"><span class="woocommerce-Price-amount amount"><bdi><span class="woocommerce-Price-currencySymbol">$</span>24.13</bdi></span></span></div>
<button class="yith-wfbt-submit-button button" type="submit"> Add all to Cart</button>

</div>
<ul class="yith-wfbt-items">
 	<li class="yith-wfbt-item"><label for="offeringID_0"><span class="product-name">This Product: Green Cabbage </span>– <span class="price"><del aria-hidden="true"><span class="woocommerce-Price-amount amount"><bdi><span class="woocommerce-Price-currencySymbol">$</span>5.00</bdi></span></del> <ins><span class="woocommerce-Price-amount amount"><bdi><span class="woocommerce-Price-currencySymbol">$</span>4.00</bdi></span></ins></span></label></li>
 	<li class="yith-wfbt-item"><label for="offeringID_1"><span class="product-name">Fresh Banana </span>– <span class="price"><span class="woocommerce-Price-amount amount"><bdi><span class="woocommerce-Price-currencySymbol">$</span>10.99</bdi></span></span></label></li>
 	<li class="yith-wfbt-item"><label for="offeringID_2"><span class="product-name">Fresh Red Seedless </span>– <span class="price"><span class="woocommerce-Price-amount amount"><bdi><span class="woocommerce-Price-currencySymbol">$</span>8.15</bdi></span></span></label></li>
 	<li class="yith-wfbt-item"><label for="offeringID_3"><span class="product-name">Native Organic Carrot </span>– <span class="price"><del aria-hidden="true"><span class="woocommerce-Price-amount amount"><bdi><span class="woocommerce-Price-currencySymbol">$</span>1.12</bdi></span></del> <ins><span class="woocommerce-Price-amount amount"><bdi><span class="woocommerce-Price-currencySymbol">$</span>0.99</bdi></span></ins></span></label></li>
</ul>
</form></div>
</div>
&#160;
<div class="product_meta"></div>]]></description>
										<content:encoded><![CDATA[<h2>Description</h2>
<p>During the fermentation in conical stainless steel tanks, extreme attention was given to an extraction aimed at fresh and fragrant aromas, full colors, and supple, elegant textures and tannins. Once the wine had been run off its skins at the end of the fermentation, it was put through a full malolactic fermentation in oak barrels to fully bring out the finesse and expressiveness of the aromas. The aging process, which lasted approximately 12-14 months, then began and took place in 60 gallon French and Hungarian oak barrels, partly new and partly used once previously.</p>
]]></content:encoded>
					
					<wfw:commentRss>/san-pham/green-cabbage/feed/</wfw:commentRss>
			<slash:comments>0</slash:comments>
		
		
			</item>
		<item>
		<title>Organic Tomato</title>
		<link>/san-pham/organic-tomato-2/</link>
					<comments>/san-pham/organic-tomato-2/#respond</comments>
		
		<dc:creator><![CDATA[NguyenQuocHau]]></dc:creator>
		<pubDate>Tue, 25 Oct 2022 03:12:35 +0000</pubDate>
				<guid isPermaLink="false">/?post_type=product&#038;p=106</guid>

					<description><![CDATA[The generated Lorem Ipsum is therefore always free from repetition injected humour, or non-characteristic words etc. Susp endisse ultricies nisi vel quam suscipit. Sabertooth peacock flounder…
<div class="yith-wcwl-add-to-wishlist add-to-wishlist-1824 wishlist-fragment on-first-load" data-fragment-ref="1824" data-fragment-options="{&#34;base_url&#34;:&#34;&#34;,&#34;in_default_wishlist&#34;:false,&#34;is_single&#34;:true,&#34;show_exists&#34;:false,&#34;product_id&#34;:&#34;1824&#34;,&#34;parent_product_id&#34;:&#34;1824&#34;,&#34;product_type&#34;:&#34;variable&#34;,&#34;show_view&#34;:true,&#34;browse_wishlist_text&#34;:&#34;Browse wishlist&#34;,&#34;already_in_wishslist_text&#34;:&#34;The product is already in your wishlist!&#34;,&#34;product_added_text&#34;:&#34;Product added!&#34;,&#34;heading_icon&#34;:&#34;fa-heart-o&#34;,&#34;available_multi_wishlist&#34;:false,&#34;disable_wishlist&#34;:false,&#34;show_count&#34;:false,&#34;ajax_loading&#34;:false,&#34;loop_position&#34;:&#34;after_add_to_cart&#34;,&#34;item&#34;:&#34;add_to_wishlist&#34;}">
<div class="yith-wcwl-add-button"><a class="add_to_wishlist single_add_to_wishlist button alt" href="https://ninetheme.com/themes/agrikon/product/organic-tomato/?add_to_wishlist=1824&#38;_wpnonce=423ee97ad9" rel="nofollow" data-product-id="1824" data-product-type="variable" data-original-product-id="1824" data-title="Add to wishlist"><i class="yith-wcwl-icon fa fa-heart-o"></i> Add to wishlist  </a><a class="compare button" href="https://ninetheme.com/themes/agrikon?action=yith-woocompare-add-product&#38;id=1824" rel="nofollow" data-product_id="1824">Compare</a></div>
<div>
<h3>Frequently Bought Together</h3>
<form class="yith-wfbt-form" action="https://ninetheme.com/themes/agrikon/product/organic-tomato/?action=yith_bought_together&#38;_wpnonce=51a0a4dda0" method="post">
<table class="yith-wfbt-images">
<tbody>
<tr>
<td class="image-td" data-rel="offeringID_0"><a href="https://ninetheme.com/themes/agrikon/product/organic-tomato/?attribute_pa_colors=black&#38;attribute_pa_weight=0-5kg&#38;attribute_pa_images=red-apple"><img class="attachment-yith_wfbt_image_size size-yith_wfbt_image_size" src="https://f8g8b9p5.rocketcdn.me/themes/agrikon/wp-content/uploads/2020/12/p3.jpg" sizes="(max-width: 800px) 100vw, 800px" srcset="https://f8g8b9p5.rocketcdn.me/themes/agrikon/wp-content/uploads/2020/12/p3.jpg 800w, https://f8g8b9p5.rocketcdn.me/themes/agrikon/wp-content/uploads/2020/12/p3-450x450.jpg 450w, https://f8g8b9p5.rocketcdn.me/themes/agrikon/wp-content/uploads/2020/12/p3-100x100.jpg 100w, https://f8g8b9p5.rocketcdn.me/themes/agrikon/wp-content/uploads/2020/12/p3-750x750.jpg 750w, https://f8g8b9p5.rocketcdn.me/themes/agrikon/wp-content/uploads/2020/12/p3-300x300.jpg 300w, https://f8g8b9p5.rocketcdn.me/themes/agrikon/wp-content/uploads/2020/12/p3-150x150.jpg 150w, https://f8g8b9p5.rocketcdn.me/themes/agrikon/wp-content/uploads/2020/12/p3-768x768.jpg 768w, https://f8g8b9p5.rocketcdn.me/themes/agrikon/wp-content/uploads/2020/12/p3-30x30.jpg 30w, https://f8g8b9p5.rocketcdn.me/themes/agrikon/wp-content/uploads/2020/12/p3-500x500.jpg 500w" alt="" width="800" height="800" /></a></td>
<td class="image_plus image_plus_1" data-rel="offeringID_1">+</td>
<td class="image-td" data-rel="offeringID_1"><a href="https://ninetheme.com/themes/agrikon/product/green-bell-pepper/"><img class="attachment-yith_wfbt_image_size size-yith_wfbt_image_size" src="https://f8g8b9p5.rocketcdn.me/themes/agrikon/wp-content/uploads/2020/12/p10.jpg" sizes="(max-width: 800px) 100vw, 800px" srcset="https://f8g8b9p5.rocketcdn.me/themes/agrikon/wp-content/uploads/2020/12/p10.jpg 800w, https://f8g8b9p5.rocketcdn.me/themes/agrikon/wp-content/uploads/2020/12/p10-450x450.jpg 450w, https://f8g8b9p5.rocketcdn.me/themes/agrikon/wp-content/uploads/2020/12/p10-100x100.jpg 100w, https://f8g8b9p5.rocketcdn.me/themes/agrikon/wp-content/uploads/2020/12/p10-750x750.jpg 750w, https://f8g8b9p5.rocketcdn.me/themes/agrikon/wp-content/uploads/2020/12/p10-300x300.jpg 300w, https://f8g8b9p5.rocketcdn.me/themes/agrikon/wp-content/uploads/2020/12/p10-150x150.jpg 150w, https://f8g8b9p5.rocketcdn.me/themes/agrikon/wp-content/uploads/2020/12/p10-768x768.jpg 768w, https://f8g8b9p5.rocketcdn.me/themes/agrikon/wp-content/uploads/2020/12/p10-30x30.jpg 30w, https://f8g8b9p5.rocketcdn.me/themes/agrikon/wp-content/uploads/2020/12/p10-500x500.jpg 500w" alt="" width="800" height="800" /></a></td>
<td class="image_plus image_plus_2" data-rel="offeringID_2">+</td>
<td class="image-td" data-rel="offeringID_2"><a href="https://ninetheme.com/themes/agrikon/product/green-cabbage/"><img class="attachment-yith_wfbt_image_size size-yith_wfbt_image_size" src="https://f8g8b9p5.rocketcdn.me/themes/agrikon/wp-content/uploads/2020/12/p5.jpg" sizes="(max-width: 800px) 100vw, 800px" srcset="https://f8g8b9p5.rocketcdn.me/themes/agrikon/wp-content/uploads/2020/12/p5.jpg 800w, https://f8g8b9p5.rocketcdn.me/themes/agrikon/wp-content/uploads/2020/12/p5-450x450.jpg 450w, https://f8g8b9p5.rocketcdn.me/themes/agrikon/wp-content/uploads/2020/12/p5-100x100.jpg 100w, https://f8g8b9p5.rocketcdn.me/themes/agrikon/wp-content/uploads/2020/12/p5-750x750.jpg 750w, https://f8g8b9p5.rocketcdn.me/themes/agrikon/wp-content/uploads/2020/12/p5-300x300.jpg 300w, https://f8g8b9p5.rocketcdn.me/themes/agrikon/wp-content/uploads/2020/12/p5-150x150.jpg 150w, https://f8g8b9p5.rocketcdn.me/themes/agrikon/wp-content/uploads/2020/12/p5-768x768.jpg 768w, https://f8g8b9p5.rocketcdn.me/themes/agrikon/wp-content/uploads/2020/12/p5-30x30.jpg 30w, https://f8g8b9p5.rocketcdn.me/themes/agrikon/wp-content/uploads/2020/12/p5-500x500.jpg 500w" alt="" width="800" height="800" /></a></td>
</tr>
</tbody>
</table>
<div class="yith-wfbt-submit-block">
<div class="price_text"><span class="total_price_label">Price for all: </span>  <span class="total_price" data-total="16.4"><span class="woocommerce-Price-amount amount"><bdi><span class="woocommerce-Price-currencySymbol">$</span>16.40</bdi></span></span></div>
<button class="yith-wfbt-submit-button button" type="submit"> Add all to Cart</button>

</div>
<ul class="yith-wfbt-items">
 	<li class="yith-wfbt-item"><label for="offeringID_0"><span class="product-name">This Product: Organic Tomato </span><span class="product-attributes">– Black, 0.5, Red Apple</span> – <span class="price"><del aria-hidden="true"><span class="woocommerce-Price-amount amount"><bdi><span class="woocommerce-Price-currencySymbol">$</span>4.00</bdi></span></del> <ins><span class="woocommerce-Price-amount amount"><bdi><span class="woocommerce-Price-currencySymbol">$</span>3.00</bdi></span></ins></span></label></li>
 	<li class="yith-wfbt-item"><label for="offeringID_1"><span class="product-name">Green Bell Pepper </span>– <span class="price"><del aria-hidden="true"><span class="woocommerce-Price-amount amount"><bdi><span class="woocommerce-Price-currencySymbol">$</span>14.40</bdi></span></del> <ins><span class="woocommerce-Price-amount amount"><bdi><span class="woocommerce-Price-currencySymbol">$</span>12.40</bdi></span></ins></span></label></li>
 	<li class="yith-wfbt-item"><label for="offeringID_2"><span class="product-name">Green Cabbage </span>– <span class="price"><span class="woocommerce-Price-amount amount"><bdi><span class="woocommerce-Price-currencySymbol">$</span>1.00</bdi></span> – <span class="woocommerce-Price-amount amount"><bdi><span class="woocommerce-Price-currencySymbol">$</span>6.00</bdi></span></span></label></li>
</ul>
</form></div>
</div>
&#160;
<div class="product_meta"></div>]]></description>
										<content:encoded><![CDATA[<h2>Description</h2>
<p>The generated Lorem Ipsum is therefore always free from repetition injected humour, or non-characteristic words etc. Susp endisse ultricies nisi vel quam suscipit. Sabertooth peacock flounder; chain pickerel hatchetfish, pencilfish snailfish. The generated Lorem Ipsum is therefore always free from repetition injected humour, or non-characteristic words etc.</p>
<p>Susp endisse ultricies nisi vel quam suscipit. Sabertooth peacock flounder; chain pickerel hatchetfish, pencilfish snailfish</p>
]]></content:encoded>
					
					<wfw:commentRss>/san-pham/organic-tomato-2/feed/</wfw:commentRss>
			<slash:comments>0</slash:comments>
		
		
			</item>
		<item>
		<title>Organic Tomato</title>
		<link>/san-pham/organic-tomato/</link>
					<comments>/san-pham/organic-tomato/#respond</comments>
		
		<dc:creator><![CDATA[NguyenQuocHau]]></dc:creator>
		<pubDate>Tue, 25 Oct 2022 03:11:43 +0000</pubDate>
				<guid isPermaLink="false">/?post_type=product&#038;p=72</guid>

					<description><![CDATA[The generated Lorem Ipsum is therefore always free from repetition injected humour, or non-characteristic words etc. Susp endisse ultricies nisi vel quam suscipit. Sabertooth peacock flounder…
<div class="yith-wcwl-add-to-wishlist add-to-wishlist-1824 wishlist-fragment on-first-load" data-fragment-ref="1824" data-fragment-options="{&#34;base_url&#34;:&#34;&#34;,&#34;in_default_wishlist&#34;:false,&#34;is_single&#34;:true,&#34;show_exists&#34;:false,&#34;product_id&#34;:&#34;1824&#34;,&#34;parent_product_id&#34;:&#34;1824&#34;,&#34;product_type&#34;:&#34;variable&#34;,&#34;show_view&#34;:true,&#34;browse_wishlist_text&#34;:&#34;Browse wishlist&#34;,&#34;already_in_wishslist_text&#34;:&#34;The product is already in your wishlist!&#34;,&#34;product_added_text&#34;:&#34;Product added!&#34;,&#34;heading_icon&#34;:&#34;fa-heart-o&#34;,&#34;available_multi_wishlist&#34;:false,&#34;disable_wishlist&#34;:false,&#34;show_count&#34;:false,&#34;ajax_loading&#34;:false,&#34;loop_position&#34;:&#34;after_add_to_cart&#34;,&#34;item&#34;:&#34;add_to_wishlist&#34;}">
<div class="yith-wcwl-add-button"><a class="add_to_wishlist single_add_to_wishlist button alt" href="https://ninetheme.com/themes/agrikon/product/organic-tomato/?add_to_wishlist=1824&#38;_wpnonce=423ee97ad9" rel="nofollow" data-product-id="1824" data-product-type="variable" data-original-product-id="1824" data-title="Add to wishlist"><i class="yith-wcwl-icon fa fa-heart-o"></i> Add to wishlist  </a><a class="compare button" href="https://ninetheme.com/themes/agrikon?action=yith-woocompare-add-product&#38;id=1824" rel="nofollow" data-product_id="1824">Compare</a></div>
<div>
<h3>Frequently Bought Together</h3>
<form class="yith-wfbt-form" action="https://ninetheme.com/themes/agrikon/product/organic-tomato/?action=yith_bought_together&#38;_wpnonce=51a0a4dda0" method="post">
<table class="yith-wfbt-images">
<tbody>
<tr>
<td class="image-td" data-rel="offeringID_0"><a href="https://ninetheme.com/themes/agrikon/product/organic-tomato/?attribute_pa_colors=black&#38;attribute_pa_weight=0-5kg&#38;attribute_pa_images=red-apple"><img class="attachment-yith_wfbt_image_size size-yith_wfbt_image_size" src="https://f8g8b9p5.rocketcdn.me/themes/agrikon/wp-content/uploads/2020/12/p3.jpg" sizes="(max-width: 800px) 100vw, 800px" srcset="https://f8g8b9p5.rocketcdn.me/themes/agrikon/wp-content/uploads/2020/12/p3.jpg 800w, https://f8g8b9p5.rocketcdn.me/themes/agrikon/wp-content/uploads/2020/12/p3-450x450.jpg 450w, https://f8g8b9p5.rocketcdn.me/themes/agrikon/wp-content/uploads/2020/12/p3-100x100.jpg 100w, https://f8g8b9p5.rocketcdn.me/themes/agrikon/wp-content/uploads/2020/12/p3-750x750.jpg 750w, https://f8g8b9p5.rocketcdn.me/themes/agrikon/wp-content/uploads/2020/12/p3-300x300.jpg 300w, https://f8g8b9p5.rocketcdn.me/themes/agrikon/wp-content/uploads/2020/12/p3-150x150.jpg 150w, https://f8g8b9p5.rocketcdn.me/themes/agrikon/wp-content/uploads/2020/12/p3-768x768.jpg 768w, https://f8g8b9p5.rocketcdn.me/themes/agrikon/wp-content/uploads/2020/12/p3-30x30.jpg 30w, https://f8g8b9p5.rocketcdn.me/themes/agrikon/wp-content/uploads/2020/12/p3-500x500.jpg 500w" alt="" width="800" height="800" /></a></td>
<td class="image_plus image_plus_1" data-rel="offeringID_1">+</td>
<td class="image-td" data-rel="offeringID_1"><a href="https://ninetheme.com/themes/agrikon/product/green-bell-pepper/"><img class="attachment-yith_wfbt_image_size size-yith_wfbt_image_size" src="https://f8g8b9p5.rocketcdn.me/themes/agrikon/wp-content/uploads/2020/12/p10.jpg" sizes="(max-width: 800px) 100vw, 800px" srcset="https://f8g8b9p5.rocketcdn.me/themes/agrikon/wp-content/uploads/2020/12/p10.jpg 800w, https://f8g8b9p5.rocketcdn.me/themes/agrikon/wp-content/uploads/2020/12/p10-450x450.jpg 450w, https://f8g8b9p5.rocketcdn.me/themes/agrikon/wp-content/uploads/2020/12/p10-100x100.jpg 100w, https://f8g8b9p5.rocketcdn.me/themes/agrikon/wp-content/uploads/2020/12/p10-750x750.jpg 750w, https://f8g8b9p5.rocketcdn.me/themes/agrikon/wp-content/uploads/2020/12/p10-300x300.jpg 300w, https://f8g8b9p5.rocketcdn.me/themes/agrikon/wp-content/uploads/2020/12/p10-150x150.jpg 150w, https://f8g8b9p5.rocketcdn.me/themes/agrikon/wp-content/uploads/2020/12/p10-768x768.jpg 768w, https://f8g8b9p5.rocketcdn.me/themes/agrikon/wp-content/uploads/2020/12/p10-30x30.jpg 30w, https://f8g8b9p5.rocketcdn.me/themes/agrikon/wp-content/uploads/2020/12/p10-500x500.jpg 500w" alt="" width="800" height="800" /></a></td>
<td class="image_plus image_plus_2" data-rel="offeringID_2">+</td>
<td class="image-td" data-rel="offeringID_2"><a href="https://ninetheme.com/themes/agrikon/product/green-cabbage/"><img class="attachment-yith_wfbt_image_size size-yith_wfbt_image_size" src="https://f8g8b9p5.rocketcdn.me/themes/agrikon/wp-content/uploads/2020/12/p5.jpg" sizes="(max-width: 800px) 100vw, 800px" srcset="https://f8g8b9p5.rocketcdn.me/themes/agrikon/wp-content/uploads/2020/12/p5.jpg 800w, https://f8g8b9p5.rocketcdn.me/themes/agrikon/wp-content/uploads/2020/12/p5-450x450.jpg 450w, https://f8g8b9p5.rocketcdn.me/themes/agrikon/wp-content/uploads/2020/12/p5-100x100.jpg 100w, https://f8g8b9p5.rocketcdn.me/themes/agrikon/wp-content/uploads/2020/12/p5-750x750.jpg 750w, https://f8g8b9p5.rocketcdn.me/themes/agrikon/wp-content/uploads/2020/12/p5-300x300.jpg 300w, https://f8g8b9p5.rocketcdn.me/themes/agrikon/wp-content/uploads/2020/12/p5-150x150.jpg 150w, https://f8g8b9p5.rocketcdn.me/themes/agrikon/wp-content/uploads/2020/12/p5-768x768.jpg 768w, https://f8g8b9p5.rocketcdn.me/themes/agrikon/wp-content/uploads/2020/12/p5-30x30.jpg 30w, https://f8g8b9p5.rocketcdn.me/themes/agrikon/wp-content/uploads/2020/12/p5-500x500.jpg 500w" alt="" width="800" height="800" /></a></td>
</tr>
</tbody>
</table>
<div class="yith-wfbt-submit-block">
<div class="price_text"><span class="total_price_label">Price for all: </span>  <span class="total_price" data-total="16.4"><span class="woocommerce-Price-amount amount"><bdi><span class="woocommerce-Price-currencySymbol">$</span>16.40</bdi></span></span></div>
<button class="yith-wfbt-submit-button button" type="submit"> Add all to Cart</button>

</div>
<ul class="yith-wfbt-items">
 	<li class="yith-wfbt-item"><label for="offeringID_0"><span class="product-name">This Product: Organic Tomato </span><span class="product-attributes">– Black, 0.5, Red Apple</span> – <span class="price"><del aria-hidden="true"><span class="woocommerce-Price-amount amount"><bdi><span class="woocommerce-Price-currencySymbol">$</span>4.00</bdi></span></del> <ins><span class="woocommerce-Price-amount amount"><bdi><span class="woocommerce-Price-currencySymbol">$</span>3.00</bdi></span></ins></span></label></li>
 	<li class="yith-wfbt-item"><label for="offeringID_1"><span class="product-name">Green Bell Pepper </span>– <span class="price"><del aria-hidden="true"><span class="woocommerce-Price-amount amount"><bdi><span class="woocommerce-Price-currencySymbol">$</span>14.40</bdi></span></del> <ins><span class="woocommerce-Price-amount amount"><bdi><span class="woocommerce-Price-currencySymbol">$</span>12.40</bdi></span></ins></span></label></li>
 	<li class="yith-wfbt-item"><label for="offeringID_2"><span class="product-name">Green Cabbage </span>– <span class="price"><span class="woocommerce-Price-amount amount"><bdi><span class="woocommerce-Price-currencySymbol">$</span>1.00</bdi></span> – <span class="woocommerce-Price-amount amount"><bdi><span class="woocommerce-Price-currencySymbol">$</span>6.00</bdi></span></span></label></li>
</ul>
</form></div>
</div>
&#160;
<div class="product_meta"></div>]]></description>
										<content:encoded><![CDATA[<h2>Description</h2>
<p>The generated Lorem Ipsum is therefore always free from repetition injected humour, or non-characteristic words etc. Susp endisse ultricies nisi vel quam suscipit. Sabertooth peacock flounder; chain pickerel hatchetfish, pencilfish snailfish. The generated Lorem Ipsum is therefore always free from repetition injected humour, or non-characteristic words etc.</p>
<p>Susp endisse ultricies nisi vel quam suscipit. Sabertooth peacock flounder; chain pickerel hatchetfish, pencilfish snailfish</p>
]]></content:encoded>
					
					<wfw:commentRss>/san-pham/organic-tomato/feed/</wfw:commentRss>
			<slash:comments>0</slash:comments>
		
		
			</item>
		<item>
		<title>Organic Carrot</title>
		<link>/san-pham/organic-carrot-2/</link>
					<comments>/san-pham/organic-carrot-2/#respond</comments>
		
		<dc:creator><![CDATA[NguyenQuocHau]]></dc:creator>
		<pubDate>Tue, 25 Oct 2022 03:01:34 +0000</pubDate>
				<guid isPermaLink="false">/?post_type=product&#038;p=71</guid>

					<description><![CDATA[<div class="woocommerce-product-details__short-description">

The generated Lorem Ipsum is therefore always free from repetition injected humour, or non-characteristic words etc. Susp endisse ultricies nisi vel quam suscipit. Sabertooth peacock flounder…

</div>
<form class="cart" action="https://ninetheme.com/themes/agrikon/product/organic-carrot/" enctype="multipart/form-data" method="post">
<div class="quantity"></div>
</form>
<div class="yith-wcwl-add-to-wishlist add-to-wishlist-1811 wishlist-fragment on-first-load" data-fragment-ref="1811" data-fragment-options="{&#34;base_url&#34;:&#34;&#34;,&#34;in_default_wishlist&#34;:false,&#34;is_single&#34;:true,&#34;show_exists&#34;:false,&#34;product_id&#34;:1811,&#34;parent_product_id&#34;:1811,&#34;product_type&#34;:&#34;simple&#34;,&#34;show_view&#34;:true,&#34;browse_wishlist_text&#34;:&#34;Browse wishlist&#34;,&#34;already_in_wishslist_text&#34;:&#34;The product is already in your wishlist!&#34;,&#34;product_added_text&#34;:&#34;Product added!&#34;,&#34;heading_icon&#34;:&#34;fa-heart-o&#34;,&#34;available_multi_wishlist&#34;:false,&#34;disable_wishlist&#34;:false,&#34;show_count&#34;:false,&#34;ajax_loading&#34;:false,&#34;loop_position&#34;:&#34;after_add_to_cart&#34;,&#34;item&#34;:&#34;add_to_wishlist&#34;}">
<div class="yith-wcwl-add-button"><a class="add_to_wishlist single_add_to_wishlist button alt" href="https://ninetheme.com/themes/agrikon/product/organic-carrot/?add_to_wishlist=1811&#38;_wpnonce=423ee97ad9" rel="nofollow" data-product-id="1811" data-product-type="simple" data-original-product-id="1811" data-title="Add to wishlist"><i class="yith-wcwl-icon fa fa-heart-o"></i> Add to wishlist  </a><a class="compare button" href="https://ninetheme.com/themes/agrikon?action=yith-woocompare-add-product&#38;id=1811" rel="nofollow" data-product_id="1811">Compare</a></div>
</div>
&#160;
<div class="product_meta"></div>]]></description>
										<content:encoded><![CDATA[<h2>Description</h2>
<p>The generated Lorem Ipsum is therefore always free from repetition injected humour, or non-characteristic words etc. Susp endisse ultricies nisi vel quam suscipit. Sabertooth peacock flounder; chain pickerel hatchetfish, pencilfish snailfish filefish Antarctic icefish goldeye aholehole trumpetfish pilot fish airbreathing catfish, electric ray sweeper.</p>
]]></content:encoded>
					
					<wfw:commentRss>/san-pham/organic-carrot-2/feed/</wfw:commentRss>
			<slash:comments>0</slash:comments>
		
		
			</item>
		<item>
		<title>Organic Carrot</title>
		<link>/san-pham/organic-carrot/</link>
					<comments>/san-pham/organic-carrot/#respond</comments>
		
		<dc:creator><![CDATA[NguyenQuocHau]]></dc:creator>
		<pubDate>Tue, 25 Oct 2022 03:00:57 +0000</pubDate>
				<guid isPermaLink="false">/?post_type=product&#038;p=70</guid>

					<description><![CDATA[<div class="woocommerce-product-details__short-description">

The generated Lorem Ipsum is therefore always free from repetition injected humour, or non-characteristic words etc. Susp endisse ultricies nisi vel quam suscipit. Sabertooth peacock flounder…

</div>
<form class="cart" action="https://ninetheme.com/themes/agrikon/product/organic-carrot/" enctype="multipart/form-data" method="post">
<div class="quantity"></div>
</form>
<div class="yith-wcwl-add-to-wishlist add-to-wishlist-1811 wishlist-fragment on-first-load" data-fragment-ref="1811" data-fragment-options="{&#34;base_url&#34;:&#34;&#34;,&#34;in_default_wishlist&#34;:false,&#34;is_single&#34;:true,&#34;show_exists&#34;:false,&#34;product_id&#34;:1811,&#34;parent_product_id&#34;:1811,&#34;product_type&#34;:&#34;simple&#34;,&#34;show_view&#34;:true,&#34;browse_wishlist_text&#34;:&#34;Browse wishlist&#34;,&#34;already_in_wishslist_text&#34;:&#34;The product is already in your wishlist!&#34;,&#34;product_added_text&#34;:&#34;Product added!&#34;,&#34;heading_icon&#34;:&#34;fa-heart-o&#34;,&#34;available_multi_wishlist&#34;:false,&#34;disable_wishlist&#34;:false,&#34;show_count&#34;:false,&#34;ajax_loading&#34;:false,&#34;loop_position&#34;:&#34;after_add_to_cart&#34;,&#34;item&#34;:&#34;add_to_wishlist&#34;}">
<div class="yith-wcwl-add-button"><a class="add_to_wishlist single_add_to_wishlist button alt" href="https://ninetheme.com/themes/agrikon/product/organic-carrot/?add_to_wishlist=1811&#38;_wpnonce=423ee97ad9" rel="nofollow" data-product-id="1811" data-product-type="simple" data-original-product-id="1811" data-title="Add to wishlist"><i class="yith-wcwl-icon fa fa-heart-o"></i> Add to wishlist  </a><a class="compare button" href="https://ninetheme.com/themes/agrikon?action=yith-woocompare-add-product&#38;id=1811" rel="nofollow" data-product_id="1811">Compare</a></div>
</div>
&#160;
<div class="product_meta"></div>]]></description>
										<content:encoded><![CDATA[<h2>Description</h2>
<p>The generated Lorem Ipsum is therefore always free from repetition injected humour, or non-characteristic words etc. Susp endisse ultricies nisi vel quam suscipit. Sabertooth peacock flounder; chain pickerel hatchetfish, pencilfish snailfish filefish Antarctic icefish goldeye aholehole trumpetfish pilot fish airbreathing catfish, electric ray sweeper.</p>
]]></content:encoded>
					
					<wfw:commentRss>/san-pham/organic-carrot/feed/</wfw:commentRss>
			<slash:comments>0</slash:comments>
		
		
			</item>
		<item>
		<title>Sugar Snap Peas</title>
		<link>/san-pham/sugar-snap-peas-2/</link>
					<comments>/san-pham/sugar-snap-peas-2/#respond</comments>
		
		<dc:creator><![CDATA[NguyenQuocHau]]></dc:creator>
		<pubDate>Tue, 25 Oct 2022 02:59:29 +0000</pubDate>
				<guid isPermaLink="false">/?post_type=product&#038;p=69</guid>

					<description><![CDATA[<div class="woocommerce-product-details__short-description">

The generated Lorem Ipsum is therefore always free from repetition injected humour, or non-characteristic words etc. Susp endisse ultricies nisi vel quam suscipit. Sabertooth peacock flounder…

</div>
<form class="cart" action="https://ninetheme.com/themes/agrikon/product/sugar-snap-peas/" enctype="multipart/form-data" method="post">
<div class="quantity"></div>
</form>
<div class="yith-wcwl-add-to-wishlist add-to-wishlist-1812 wishlist-fragment on-first-load" data-fragment-ref="1812" data-fragment-options="{&#34;base_url&#34;:&#34;&#34;,&#34;in_default_wishlist&#34;:false,&#34;is_single&#34;:true,&#34;show_exists&#34;:false,&#34;product_id&#34;:1812,&#34;parent_product_id&#34;:1812,&#34;product_type&#34;:&#34;simple&#34;,&#34;show_view&#34;:true,&#34;browse_wishlist_text&#34;:&#34;Browse wishlist&#34;,&#34;already_in_wishslist_text&#34;:&#34;The product is already in your wishlist!&#34;,&#34;product_added_text&#34;:&#34;Product added!&#34;,&#34;heading_icon&#34;:&#34;fa-heart-o&#34;,&#34;available_multi_wishlist&#34;:false,&#34;disable_wishlist&#34;:false,&#34;show_count&#34;:false,&#34;ajax_loading&#34;:false,&#34;loop_position&#34;:&#34;after_add_to_cart&#34;,&#34;item&#34;:&#34;add_to_wishlist&#34;}">
<div class="yith-wcwl-add-button"><a class="add_to_wishlist single_add_to_wishlist button alt" href="https://ninetheme.com/themes/agrikon/product/sugar-snap-peas/?add_to_wishlist=1812&#38;_wpnonce=423ee97ad9" rel="nofollow" data-product-id="1812" data-product-type="simple" data-original-product-id="1812" data-title="Add to wishlist"><i class="yith-wcwl-icon fa fa-heart-o"></i> Add to wishlist  </a><a class="compare button" href="https://ninetheme.com/themes/agrikon?action=yith-woocompare-add-product&#38;id=1812" rel="nofollow" data-product_id="1812">Compare</a></div>
</div>
&#160;
<div class="product_meta"></div>]]></description>
										<content:encoded><![CDATA[<h2>Description</h2>
<p>The generated Lorem Ipsum is therefore always free from repetition injected humour, or non-characteristic words etc. Susp endisse ultricies nisi vel quam suscipit. Sabertooth peacock flounder; chain pickerel hatchetfish, pencilfish snailfish filefish Antarctic icefish goldeye aholehole trumpetfish pilot fish airbreathing catfish, electric ray sweeper.</p>
]]></content:encoded>
					
					<wfw:commentRss>/san-pham/sugar-snap-peas-2/feed/</wfw:commentRss>
			<slash:comments>0</slash:comments>
		
		
			</item>
		<item>
		<title>Sugar Snap Peas</title>
		<link>/san-pham/sugar-snap-peas/</link>
					<comments>/san-pham/sugar-snap-peas/#respond</comments>
		
		<dc:creator><![CDATA[NguyenQuocHau]]></dc:creator>
		<pubDate>Tue, 25 Oct 2022 02:58:57 +0000</pubDate>
				<guid isPermaLink="false">/?post_type=product&#038;p=68</guid>

					<description><![CDATA[<div class="woocommerce-product-details__short-description">

The generated Lorem Ipsum is therefore always free from repetition injected humour, or non-characteristic words etc. Susp endisse ultricies nisi vel quam suscipit. Sabertooth peacock flounder…

</div>
<form class="cart" action="https://ninetheme.com/themes/agrikon/product/sugar-snap-peas/" enctype="multipart/form-data" method="post">
<div class="quantity"></div>
</form>
<div class="yith-wcwl-add-to-wishlist add-to-wishlist-1812 wishlist-fragment on-first-load" data-fragment-ref="1812" data-fragment-options="{&#34;base_url&#34;:&#34;&#34;,&#34;in_default_wishlist&#34;:false,&#34;is_single&#34;:true,&#34;show_exists&#34;:false,&#34;product_id&#34;:1812,&#34;parent_product_id&#34;:1812,&#34;product_type&#34;:&#34;simple&#34;,&#34;show_view&#34;:true,&#34;browse_wishlist_text&#34;:&#34;Browse wishlist&#34;,&#34;already_in_wishslist_text&#34;:&#34;The product is already in your wishlist!&#34;,&#34;product_added_text&#34;:&#34;Product added!&#34;,&#34;heading_icon&#34;:&#34;fa-heart-o&#34;,&#34;available_multi_wishlist&#34;:false,&#34;disable_wishlist&#34;:false,&#34;show_count&#34;:false,&#34;ajax_loading&#34;:false,&#34;loop_position&#34;:&#34;after_add_to_cart&#34;,&#34;item&#34;:&#34;add_to_wishlist&#34;}">
<div class="yith-wcwl-add-button"><a class="add_to_wishlist single_add_to_wishlist button alt" href="https://ninetheme.com/themes/agrikon/product/sugar-snap-peas/?add_to_wishlist=1812&#38;_wpnonce=423ee97ad9" rel="nofollow" data-product-id="1812" data-product-type="simple" data-original-product-id="1812" data-title="Add to wishlist"><i class="yith-wcwl-icon fa fa-heart-o"></i> Add to wishlist  </a><a class="compare button" href="https://ninetheme.com/themes/agrikon?action=yith-woocompare-add-product&#38;id=1812" rel="nofollow" data-product_id="1812">Compare</a></div>
</div>
&#160;
<div class="product_meta"></div>]]></description>
										<content:encoded><![CDATA[<h2>Description</h2>
<p>The generated Lorem Ipsum is therefore always free from repetition injected humour, or non-characteristic words etc. Susp endisse ultricies nisi vel quam suscipit. Sabertooth peacock flounder; chain pickerel hatchetfish, pencilfish snailfish filefish Antarctic icefish goldeye aholehole trumpetfish pilot fish airbreathing catfish, electric ray sweeper.</p>
]]></content:encoded>
					
					<wfw:commentRss>/san-pham/sugar-snap-peas/feed/</wfw:commentRss>
			<slash:comments>0</slash:comments>
		
		
			</item>
	</channel>
</rss>
