<?xml version="1.0" encoding="UTF-8"?><rss version="2.0"
	xmlns:content="http://purl.org/rss/1.0/modules/content/"
	xmlns:wfw="http://wellformedweb.org/CommentAPI/"
	xmlns:dc="http://purl.org/dc/elements/1.1/"
	xmlns:atom="http://www.w3.org/2005/Atom"
	xmlns:sy="http://purl.org/rss/1.0/modules/syndication/"
	xmlns:slash="http://purl.org/rss/1.0/modules/slash/"
	
	xmlns:georss="http://www.georss.org/georss"
	xmlns:geo="http://www.w3.org/2003/01/geo/wgs84_pos#"
	>

<channel>
	<title>Apples &#8211; My WordPress</title>
	<atom:link href="/danh-muc-san-pham/apples/feed/" rel="self" type="application/rss+xml" />
	<link></link>
	<description>Một trang web mới sử dụng WordPress</description>
	<lastBuildDate>Tue, 25 Oct 2022 12:42:06 +0000</lastBuildDate>
	<language>vi</language>
	<sy:updatePeriod>
	hourly	</sy:updatePeriod>
	<sy:updateFrequency>
	1	</sy:updateFrequency>
	<generator>https://wordpress.org/?v=6.0.3</generator>
	<item>
		<title>Fresh Banana</title>
		<link>/san-pham/fresh-banana-6/</link>
					<comments>/san-pham/fresh-banana-6/#respond</comments>
		
		<dc:creator><![CDATA[NguyenQuocHau]]></dc:creator>
		<pubDate>Tue, 25 Oct 2022 03:25:57 +0000</pubDate>
				<guid isPermaLink="false">/?post_type=product&#038;p=163</guid>

					<description><![CDATA[<div class="woocommerce-product-details__short-description">

The generated Lorem Ipsum is therefore always free from repetition injected humour, or non-characteristic words etc. Susp endisse ultricies nisi vel quam suscipit. Sabertooth peacock flounder…

</div>
<div class="yith-wcwl-add-to-wishlist add-to-wishlist-1821 wishlist-fragment on-first-load" data-fragment-ref="1821" data-fragment-options="{&#34;base_url&#34;:&#34;&#34;,&#34;in_default_wishlist&#34;:false,&#34;is_single&#34;:true,&#34;show_exists&#34;:false,&#34;product_id&#34;:1821,&#34;parent_product_id&#34;:1821,&#34;product_type&#34;:&#34;simple&#34;,&#34;show_view&#34;:true,&#34;browse_wishlist_text&#34;:&#34;Browse wishlist&#34;,&#34;already_in_wishslist_text&#34;:&#34;The product is already in your wishlist!&#34;,&#34;product_added_text&#34;:&#34;Product added!&#34;,&#34;heading_icon&#34;:&#34;fa-heart-o&#34;,&#34;available_multi_wishlist&#34;:false,&#34;disable_wishlist&#34;:false,&#34;show_count&#34;:false,&#34;ajax_loading&#34;:false,&#34;loop_position&#34;:&#34;after_add_to_cart&#34;,&#34;item&#34;:&#34;add_to_wishlist&#34;}">
<div class="yith-wcwl-add-button"><a class="add_to_wishlist single_add_to_wishlist button alt" href="https://ninetheme.com/themes/agrikon/product/fresh-banana-2/?add_to_wishlist=1821&#38;_wpnonce=423ee97ad9" rel="nofollow" data-product-id="1821" data-product-type="simple" data-original-product-id="1821" data-title="Add to wishlist"><i class="yith-wcwl-icon fa fa-heart-o"></i> Add to wishlist </a><a class="compare button" href="https://ninetheme.com/themes/agrikon?action=yith-woocompare-add-product&#38;id=1821" rel="nofollow" data-product_id="1821">Compare</a></div>
</div>
&#160;
<div class="product_meta"></div>]]></description>
										<content:encoded><![CDATA[<h2>Description</h2>
<p>The generated Lorem Ipsum is therefore always free from repetition injected humour, or non-characteristic words etc. Susp endisse ultricies nisi vel quam suscipit. Sabertooth peacock flounder; chain pickerel hatchetfish, pencilfish snailfish filefish Antarctic icefish goldeye aholehole trumpetfish pilot fish airbreathing catfish, electric ray sweeper.</p>
]]></content:encoded>
					
					<wfw:commentRss>/san-pham/fresh-banana-6/feed/</wfw:commentRss>
			<slash:comments>0</slash:comments>
		
		
			</item>
		<item>
		<title>Fresh Banana</title>
		<link>/san-pham/fresh-banana-5/</link>
					<comments>/san-pham/fresh-banana-5/#respond</comments>
		
		<dc:creator><![CDATA[NguyenQuocHau]]></dc:creator>
		<pubDate>Tue, 25 Oct 2022 03:25:28 +0000</pubDate>
				<guid isPermaLink="false">/?post_type=product&#038;p=130</guid>

					<description><![CDATA[<div class="woocommerce-product-details__short-description">

The generated Lorem Ipsum is therefore always free from repetition injected humour, or non-characteristic words etc. Susp endisse ultricies nisi vel quam suscipit. Sabertooth peacock flounder…

</div>
<div class="yith-wcwl-add-to-wishlist add-to-wishlist-1821 wishlist-fragment on-first-load" data-fragment-ref="1821" data-fragment-options="{&#34;base_url&#34;:&#34;&#34;,&#34;in_default_wishlist&#34;:false,&#34;is_single&#34;:true,&#34;show_exists&#34;:false,&#34;product_id&#34;:1821,&#34;parent_product_id&#34;:1821,&#34;product_type&#34;:&#34;simple&#34;,&#34;show_view&#34;:true,&#34;browse_wishlist_text&#34;:&#34;Browse wishlist&#34;,&#34;already_in_wishslist_text&#34;:&#34;The product is already in your wishlist!&#34;,&#34;product_added_text&#34;:&#34;Product added!&#34;,&#34;heading_icon&#34;:&#34;fa-heart-o&#34;,&#34;available_multi_wishlist&#34;:false,&#34;disable_wishlist&#34;:false,&#34;show_count&#34;:false,&#34;ajax_loading&#34;:false,&#34;loop_position&#34;:&#34;after_add_to_cart&#34;,&#34;item&#34;:&#34;add_to_wishlist&#34;}">
<div class="yith-wcwl-add-button"><a class="add_to_wishlist single_add_to_wishlist button alt" href="https://ninetheme.com/themes/agrikon/product/fresh-banana-2/?add_to_wishlist=1821&#38;_wpnonce=423ee97ad9" rel="nofollow" data-product-id="1821" data-product-type="simple" data-original-product-id="1821" data-title="Add to wishlist"><i class="yith-wcwl-icon fa fa-heart-o"></i> Add to wishlist </a><a class="compare button" href="https://ninetheme.com/themes/agrikon?action=yith-woocompare-add-product&#38;id=1821" rel="nofollow" data-product_id="1821">Compare</a></div>
</div>
&#160;
<div class="product_meta"></div>]]></description>
										<content:encoded><![CDATA[<h2>Description</h2>
<p>The generated Lorem Ipsum is therefore always free from repetition injected humour, or non-characteristic words etc. Susp endisse ultricies nisi vel quam suscipit. Sabertooth peacock flounder; chain pickerel hatchetfish, pencilfish snailfish filefish Antarctic icefish goldeye aholehole trumpetfish pilot fish airbreathing catfish, electric ray sweeper.</p>
]]></content:encoded>
					
					<wfw:commentRss>/san-pham/fresh-banana-5/feed/</wfw:commentRss>
			<slash:comments>0</slash:comments>
		
		
			</item>
		<item>
		<title>Organic Tomato</title>
		<link>/san-pham/organic-tomato-2/</link>
					<comments>/san-pham/organic-tomato-2/#respond</comments>
		
		<dc:creator><![CDATA[NguyenQuocHau]]></dc:creator>
		<pubDate>Tue, 25 Oct 2022 03:12:35 +0000</pubDate>
				<guid isPermaLink="false">/?post_type=product&#038;p=106</guid>

					<description><![CDATA[The generated Lorem Ipsum is therefore always free from repetition injected humour, or non-characteristic words etc. Susp endisse ultricies nisi vel quam suscipit. Sabertooth peacock flounder…
<div class="yith-wcwl-add-to-wishlist add-to-wishlist-1824 wishlist-fragment on-first-load" data-fragment-ref="1824" data-fragment-options="{&#34;base_url&#34;:&#34;&#34;,&#34;in_default_wishlist&#34;:false,&#34;is_single&#34;:true,&#34;show_exists&#34;:false,&#34;product_id&#34;:&#34;1824&#34;,&#34;parent_product_id&#34;:&#34;1824&#34;,&#34;product_type&#34;:&#34;variable&#34;,&#34;show_view&#34;:true,&#34;browse_wishlist_text&#34;:&#34;Browse wishlist&#34;,&#34;already_in_wishslist_text&#34;:&#34;The product is already in your wishlist!&#34;,&#34;product_added_text&#34;:&#34;Product added!&#34;,&#34;heading_icon&#34;:&#34;fa-heart-o&#34;,&#34;available_multi_wishlist&#34;:false,&#34;disable_wishlist&#34;:false,&#34;show_count&#34;:false,&#34;ajax_loading&#34;:false,&#34;loop_position&#34;:&#34;after_add_to_cart&#34;,&#34;item&#34;:&#34;add_to_wishlist&#34;}">
<div class="yith-wcwl-add-button"><a class="add_to_wishlist single_add_to_wishlist button alt" href="https://ninetheme.com/themes/agrikon/product/organic-tomato/?add_to_wishlist=1824&#38;_wpnonce=423ee97ad9" rel="nofollow" data-product-id="1824" data-product-type="variable" data-original-product-id="1824" data-title="Add to wishlist"><i class="yith-wcwl-icon fa fa-heart-o"></i> Add to wishlist  </a><a class="compare button" href="https://ninetheme.com/themes/agrikon?action=yith-woocompare-add-product&#38;id=1824" rel="nofollow" data-product_id="1824">Compare</a></div>
<div>
<h3>Frequently Bought Together</h3>
<form class="yith-wfbt-form" action="https://ninetheme.com/themes/agrikon/product/organic-tomato/?action=yith_bought_together&#38;_wpnonce=51a0a4dda0" method="post">
<table class="yith-wfbt-images">
<tbody>
<tr>
<td class="image-td" data-rel="offeringID_0"><a href="https://ninetheme.com/themes/agrikon/product/organic-tomato/?attribute_pa_colors=black&#38;attribute_pa_weight=0-5kg&#38;attribute_pa_images=red-apple"><img class="attachment-yith_wfbt_image_size size-yith_wfbt_image_size" src="https://f8g8b9p5.rocketcdn.me/themes/agrikon/wp-content/uploads/2020/12/p3.jpg" sizes="(max-width: 800px) 100vw, 800px" srcset="https://f8g8b9p5.rocketcdn.me/themes/agrikon/wp-content/uploads/2020/12/p3.jpg 800w, https://f8g8b9p5.rocketcdn.me/themes/agrikon/wp-content/uploads/2020/12/p3-450x450.jpg 450w, https://f8g8b9p5.rocketcdn.me/themes/agrikon/wp-content/uploads/2020/12/p3-100x100.jpg 100w, https://f8g8b9p5.rocketcdn.me/themes/agrikon/wp-content/uploads/2020/12/p3-750x750.jpg 750w, https://f8g8b9p5.rocketcdn.me/themes/agrikon/wp-content/uploads/2020/12/p3-300x300.jpg 300w, https://f8g8b9p5.rocketcdn.me/themes/agrikon/wp-content/uploads/2020/12/p3-150x150.jpg 150w, https://f8g8b9p5.rocketcdn.me/themes/agrikon/wp-content/uploads/2020/12/p3-768x768.jpg 768w, https://f8g8b9p5.rocketcdn.me/themes/agrikon/wp-content/uploads/2020/12/p3-30x30.jpg 30w, https://f8g8b9p5.rocketcdn.me/themes/agrikon/wp-content/uploads/2020/12/p3-500x500.jpg 500w" alt="" width="800" height="800" /></a></td>
<td class="image_plus image_plus_1" data-rel="offeringID_1">+</td>
<td class="image-td" data-rel="offeringID_1"><a href="https://ninetheme.com/themes/agrikon/product/green-bell-pepper/"><img class="attachment-yith_wfbt_image_size size-yith_wfbt_image_size" src="https://f8g8b9p5.rocketcdn.me/themes/agrikon/wp-content/uploads/2020/12/p10.jpg" sizes="(max-width: 800px) 100vw, 800px" srcset="https://f8g8b9p5.rocketcdn.me/themes/agrikon/wp-content/uploads/2020/12/p10.jpg 800w, https://f8g8b9p5.rocketcdn.me/themes/agrikon/wp-content/uploads/2020/12/p10-450x450.jpg 450w, https://f8g8b9p5.rocketcdn.me/themes/agrikon/wp-content/uploads/2020/12/p10-100x100.jpg 100w, https://f8g8b9p5.rocketcdn.me/themes/agrikon/wp-content/uploads/2020/12/p10-750x750.jpg 750w, https://f8g8b9p5.rocketcdn.me/themes/agrikon/wp-content/uploads/2020/12/p10-300x300.jpg 300w, https://f8g8b9p5.rocketcdn.me/themes/agrikon/wp-content/uploads/2020/12/p10-150x150.jpg 150w, https://f8g8b9p5.rocketcdn.me/themes/agrikon/wp-content/uploads/2020/12/p10-768x768.jpg 768w, https://f8g8b9p5.rocketcdn.me/themes/agrikon/wp-content/uploads/2020/12/p10-30x30.jpg 30w, https://f8g8b9p5.rocketcdn.me/themes/agrikon/wp-content/uploads/2020/12/p10-500x500.jpg 500w" alt="" width="800" height="800" /></a></td>
<td class="image_plus image_plus_2" data-rel="offeringID_2">+</td>
<td class="image-td" data-rel="offeringID_2"><a href="https://ninetheme.com/themes/agrikon/product/green-cabbage/"><img class="attachment-yith_wfbt_image_size size-yith_wfbt_image_size" src="https://f8g8b9p5.rocketcdn.me/themes/agrikon/wp-content/uploads/2020/12/p5.jpg" sizes="(max-width: 800px) 100vw, 800px" srcset="https://f8g8b9p5.rocketcdn.me/themes/agrikon/wp-content/uploads/2020/12/p5.jpg 800w, https://f8g8b9p5.rocketcdn.me/themes/agrikon/wp-content/uploads/2020/12/p5-450x450.jpg 450w, https://f8g8b9p5.rocketcdn.me/themes/agrikon/wp-content/uploads/2020/12/p5-100x100.jpg 100w, https://f8g8b9p5.rocketcdn.me/themes/agrikon/wp-content/uploads/2020/12/p5-750x750.jpg 750w, https://f8g8b9p5.rocketcdn.me/themes/agrikon/wp-content/uploads/2020/12/p5-300x300.jpg 300w, https://f8g8b9p5.rocketcdn.me/themes/agrikon/wp-content/uploads/2020/12/p5-150x150.jpg 150w, https://f8g8b9p5.rocketcdn.me/themes/agrikon/wp-content/uploads/2020/12/p5-768x768.jpg 768w, https://f8g8b9p5.rocketcdn.me/themes/agrikon/wp-content/uploads/2020/12/p5-30x30.jpg 30w, https://f8g8b9p5.rocketcdn.me/themes/agrikon/wp-content/uploads/2020/12/p5-500x500.jpg 500w" alt="" width="800" height="800" /></a></td>
</tr>
</tbody>
</table>
<div class="yith-wfbt-submit-block">
<div class="price_text"><span class="total_price_label">Price for all: </span>  <span class="total_price" data-total="16.4"><span class="woocommerce-Price-amount amount"><bdi><span class="woocommerce-Price-currencySymbol">$</span>16.40</bdi></span></span></div>
<button class="yith-wfbt-submit-button button" type="submit"> Add all to Cart</button>

</div>
<ul class="yith-wfbt-items">
 	<li class="yith-wfbt-item"><label for="offeringID_0"><span class="product-name">This Product: Organic Tomato </span><span class="product-attributes">– Black, 0.5, Red Apple</span> – <span class="price"><del aria-hidden="true"><span class="woocommerce-Price-amount amount"><bdi><span class="woocommerce-Price-currencySymbol">$</span>4.00</bdi></span></del> <ins><span class="woocommerce-Price-amount amount"><bdi><span class="woocommerce-Price-currencySymbol">$</span>3.00</bdi></span></ins></span></label></li>
 	<li class="yith-wfbt-item"><label for="offeringID_1"><span class="product-name">Green Bell Pepper </span>– <span class="price"><del aria-hidden="true"><span class="woocommerce-Price-amount amount"><bdi><span class="woocommerce-Price-currencySymbol">$</span>14.40</bdi></span></del> <ins><span class="woocommerce-Price-amount amount"><bdi><span class="woocommerce-Price-currencySymbol">$</span>12.40</bdi></span></ins></span></label></li>
 	<li class="yith-wfbt-item"><label for="offeringID_2"><span class="product-name">Green Cabbage </span>– <span class="price"><span class="woocommerce-Price-amount amount"><bdi><span class="woocommerce-Price-currencySymbol">$</span>1.00</bdi></span> – <span class="woocommerce-Price-amount amount"><bdi><span class="woocommerce-Price-currencySymbol">$</span>6.00</bdi></span></span></label></li>
</ul>
</form></div>
</div>
&#160;
<div class="product_meta"></div>]]></description>
										<content:encoded><![CDATA[<h2>Description</h2>
<p>The generated Lorem Ipsum is therefore always free from repetition injected humour, or non-characteristic words etc. Susp endisse ultricies nisi vel quam suscipit. Sabertooth peacock flounder; chain pickerel hatchetfish, pencilfish snailfish. The generated Lorem Ipsum is therefore always free from repetition injected humour, or non-characteristic words etc.</p>
<p>Susp endisse ultricies nisi vel quam suscipit. Sabertooth peacock flounder; chain pickerel hatchetfish, pencilfish snailfish</p>
]]></content:encoded>
					
					<wfw:commentRss>/san-pham/organic-tomato-2/feed/</wfw:commentRss>
			<slash:comments>0</slash:comments>
		
		
			</item>
		<item>
		<title>Organic Tomato</title>
		<link>/san-pham/organic-tomato/</link>
					<comments>/san-pham/organic-tomato/#respond</comments>
		
		<dc:creator><![CDATA[NguyenQuocHau]]></dc:creator>
		<pubDate>Tue, 25 Oct 2022 03:11:43 +0000</pubDate>
				<guid isPermaLink="false">/?post_type=product&#038;p=72</guid>

					<description><![CDATA[The generated Lorem Ipsum is therefore always free from repetition injected humour, or non-characteristic words etc. Susp endisse ultricies nisi vel quam suscipit. Sabertooth peacock flounder…
<div class="yith-wcwl-add-to-wishlist add-to-wishlist-1824 wishlist-fragment on-first-load" data-fragment-ref="1824" data-fragment-options="{&#34;base_url&#34;:&#34;&#34;,&#34;in_default_wishlist&#34;:false,&#34;is_single&#34;:true,&#34;show_exists&#34;:false,&#34;product_id&#34;:&#34;1824&#34;,&#34;parent_product_id&#34;:&#34;1824&#34;,&#34;product_type&#34;:&#34;variable&#34;,&#34;show_view&#34;:true,&#34;browse_wishlist_text&#34;:&#34;Browse wishlist&#34;,&#34;already_in_wishslist_text&#34;:&#34;The product is already in your wishlist!&#34;,&#34;product_added_text&#34;:&#34;Product added!&#34;,&#34;heading_icon&#34;:&#34;fa-heart-o&#34;,&#34;available_multi_wishlist&#34;:false,&#34;disable_wishlist&#34;:false,&#34;show_count&#34;:false,&#34;ajax_loading&#34;:false,&#34;loop_position&#34;:&#34;after_add_to_cart&#34;,&#34;item&#34;:&#34;add_to_wishlist&#34;}">
<div class="yith-wcwl-add-button"><a class="add_to_wishlist single_add_to_wishlist button alt" href="https://ninetheme.com/themes/agrikon/product/organic-tomato/?add_to_wishlist=1824&#38;_wpnonce=423ee97ad9" rel="nofollow" data-product-id="1824" data-product-type="variable" data-original-product-id="1824" data-title="Add to wishlist"><i class="yith-wcwl-icon fa fa-heart-o"></i> Add to wishlist  </a><a class="compare button" href="https://ninetheme.com/themes/agrikon?action=yith-woocompare-add-product&#38;id=1824" rel="nofollow" data-product_id="1824">Compare</a></div>
<div>
<h3>Frequently Bought Together</h3>
<form class="yith-wfbt-form" action="https://ninetheme.com/themes/agrikon/product/organic-tomato/?action=yith_bought_together&#38;_wpnonce=51a0a4dda0" method="post">
<table class="yith-wfbt-images">
<tbody>
<tr>
<td class="image-td" data-rel="offeringID_0"><a href="https://ninetheme.com/themes/agrikon/product/organic-tomato/?attribute_pa_colors=black&#38;attribute_pa_weight=0-5kg&#38;attribute_pa_images=red-apple"><img class="attachment-yith_wfbt_image_size size-yith_wfbt_image_size" src="https://f8g8b9p5.rocketcdn.me/themes/agrikon/wp-content/uploads/2020/12/p3.jpg" sizes="(max-width: 800px) 100vw, 800px" srcset="https://f8g8b9p5.rocketcdn.me/themes/agrikon/wp-content/uploads/2020/12/p3.jpg 800w, https://f8g8b9p5.rocketcdn.me/themes/agrikon/wp-content/uploads/2020/12/p3-450x450.jpg 450w, https://f8g8b9p5.rocketcdn.me/themes/agrikon/wp-content/uploads/2020/12/p3-100x100.jpg 100w, https://f8g8b9p5.rocketcdn.me/themes/agrikon/wp-content/uploads/2020/12/p3-750x750.jpg 750w, https://f8g8b9p5.rocketcdn.me/themes/agrikon/wp-content/uploads/2020/12/p3-300x300.jpg 300w, https://f8g8b9p5.rocketcdn.me/themes/agrikon/wp-content/uploads/2020/12/p3-150x150.jpg 150w, https://f8g8b9p5.rocketcdn.me/themes/agrikon/wp-content/uploads/2020/12/p3-768x768.jpg 768w, https://f8g8b9p5.rocketcdn.me/themes/agrikon/wp-content/uploads/2020/12/p3-30x30.jpg 30w, https://f8g8b9p5.rocketcdn.me/themes/agrikon/wp-content/uploads/2020/12/p3-500x500.jpg 500w" alt="" width="800" height="800" /></a></td>
<td class="image_plus image_plus_1" data-rel="offeringID_1">+</td>
<td class="image-td" data-rel="offeringID_1"><a href="https://ninetheme.com/themes/agrikon/product/green-bell-pepper/"><img class="attachment-yith_wfbt_image_size size-yith_wfbt_image_size" src="https://f8g8b9p5.rocketcdn.me/themes/agrikon/wp-content/uploads/2020/12/p10.jpg" sizes="(max-width: 800px) 100vw, 800px" srcset="https://f8g8b9p5.rocketcdn.me/themes/agrikon/wp-content/uploads/2020/12/p10.jpg 800w, https://f8g8b9p5.rocketcdn.me/themes/agrikon/wp-content/uploads/2020/12/p10-450x450.jpg 450w, https://f8g8b9p5.rocketcdn.me/themes/agrikon/wp-content/uploads/2020/12/p10-100x100.jpg 100w, https://f8g8b9p5.rocketcdn.me/themes/agrikon/wp-content/uploads/2020/12/p10-750x750.jpg 750w, https://f8g8b9p5.rocketcdn.me/themes/agrikon/wp-content/uploads/2020/12/p10-300x300.jpg 300w, https://f8g8b9p5.rocketcdn.me/themes/agrikon/wp-content/uploads/2020/12/p10-150x150.jpg 150w, https://f8g8b9p5.rocketcdn.me/themes/agrikon/wp-content/uploads/2020/12/p10-768x768.jpg 768w, https://f8g8b9p5.rocketcdn.me/themes/agrikon/wp-content/uploads/2020/12/p10-30x30.jpg 30w, https://f8g8b9p5.rocketcdn.me/themes/agrikon/wp-content/uploads/2020/12/p10-500x500.jpg 500w" alt="" width="800" height="800" /></a></td>
<td class="image_plus image_plus_2" data-rel="offeringID_2">+</td>
<td class="image-td" data-rel="offeringID_2"><a href="https://ninetheme.com/themes/agrikon/product/green-cabbage/"><img class="attachment-yith_wfbt_image_size size-yith_wfbt_image_size" src="https://f8g8b9p5.rocketcdn.me/themes/agrikon/wp-content/uploads/2020/12/p5.jpg" sizes="(max-width: 800px) 100vw, 800px" srcset="https://f8g8b9p5.rocketcdn.me/themes/agrikon/wp-content/uploads/2020/12/p5.jpg 800w, https://f8g8b9p5.rocketcdn.me/themes/agrikon/wp-content/uploads/2020/12/p5-450x450.jpg 450w, https://f8g8b9p5.rocketcdn.me/themes/agrikon/wp-content/uploads/2020/12/p5-100x100.jpg 100w, https://f8g8b9p5.rocketcdn.me/themes/agrikon/wp-content/uploads/2020/12/p5-750x750.jpg 750w, https://f8g8b9p5.rocketcdn.me/themes/agrikon/wp-content/uploads/2020/12/p5-300x300.jpg 300w, https://f8g8b9p5.rocketcdn.me/themes/agrikon/wp-content/uploads/2020/12/p5-150x150.jpg 150w, https://f8g8b9p5.rocketcdn.me/themes/agrikon/wp-content/uploads/2020/12/p5-768x768.jpg 768w, https://f8g8b9p5.rocketcdn.me/themes/agrikon/wp-content/uploads/2020/12/p5-30x30.jpg 30w, https://f8g8b9p5.rocketcdn.me/themes/agrikon/wp-content/uploads/2020/12/p5-500x500.jpg 500w" alt="" width="800" height="800" /></a></td>
</tr>
</tbody>
</table>
<div class="yith-wfbt-submit-block">
<div class="price_text"><span class="total_price_label">Price for all: </span>  <span class="total_price" data-total="16.4"><span class="woocommerce-Price-amount amount"><bdi><span class="woocommerce-Price-currencySymbol">$</span>16.40</bdi></span></span></div>
<button class="yith-wfbt-submit-button button" type="submit"> Add all to Cart</button>

</div>
<ul class="yith-wfbt-items">
 	<li class="yith-wfbt-item"><label for="offeringID_0"><span class="product-name">This Product: Organic Tomato </span><span class="product-attributes">– Black, 0.5, Red Apple</span> – <span class="price"><del aria-hidden="true"><span class="woocommerce-Price-amount amount"><bdi><span class="woocommerce-Price-currencySymbol">$</span>4.00</bdi></span></del> <ins><span class="woocommerce-Price-amount amount"><bdi><span class="woocommerce-Price-currencySymbol">$</span>3.00</bdi></span></ins></span></label></li>
 	<li class="yith-wfbt-item"><label for="offeringID_1"><span class="product-name">Green Bell Pepper </span>– <span class="price"><del aria-hidden="true"><span class="woocommerce-Price-amount amount"><bdi><span class="woocommerce-Price-currencySymbol">$</span>14.40</bdi></span></del> <ins><span class="woocommerce-Price-amount amount"><bdi><span class="woocommerce-Price-currencySymbol">$</span>12.40</bdi></span></ins></span></label></li>
 	<li class="yith-wfbt-item"><label for="offeringID_2"><span class="product-name">Green Cabbage </span>– <span class="price"><span class="woocommerce-Price-amount amount"><bdi><span class="woocommerce-Price-currencySymbol">$</span>1.00</bdi></span> – <span class="woocommerce-Price-amount amount"><bdi><span class="woocommerce-Price-currencySymbol">$</span>6.00</bdi></span></span></label></li>
</ul>
</form></div>
</div>
&#160;
<div class="product_meta"></div>]]></description>
										<content:encoded><![CDATA[<h2>Description</h2>
<p>The generated Lorem Ipsum is therefore always free from repetition injected humour, or non-characteristic words etc. Susp endisse ultricies nisi vel quam suscipit. Sabertooth peacock flounder; chain pickerel hatchetfish, pencilfish snailfish. The generated Lorem Ipsum is therefore always free from repetition injected humour, or non-characteristic words etc.</p>
<p>Susp endisse ultricies nisi vel quam suscipit. Sabertooth peacock flounder; chain pickerel hatchetfish, pencilfish snailfish</p>
]]></content:encoded>
					
					<wfw:commentRss>/san-pham/organic-tomato/feed/</wfw:commentRss>
			<slash:comments>0</slash:comments>
		
		
			</item>
		<item>
		<title>Organic Carrot</title>
		<link>/san-pham/organic-carrot-2/</link>
					<comments>/san-pham/organic-carrot-2/#respond</comments>
		
		<dc:creator><![CDATA[NguyenQuocHau]]></dc:creator>
		<pubDate>Tue, 25 Oct 2022 03:01:34 +0000</pubDate>
				<guid isPermaLink="false">/?post_type=product&#038;p=71</guid>

					<description><![CDATA[<div class="woocommerce-product-details__short-description">

The generated Lorem Ipsum is therefore always free from repetition injected humour, or non-characteristic words etc. Susp endisse ultricies nisi vel quam suscipit. Sabertooth peacock flounder…

</div>
<form class="cart" action="https://ninetheme.com/themes/agrikon/product/organic-carrot/" enctype="multipart/form-data" method="post">
<div class="quantity"></div>
</form>
<div class="yith-wcwl-add-to-wishlist add-to-wishlist-1811 wishlist-fragment on-first-load" data-fragment-ref="1811" data-fragment-options="{&#34;base_url&#34;:&#34;&#34;,&#34;in_default_wishlist&#34;:false,&#34;is_single&#34;:true,&#34;show_exists&#34;:false,&#34;product_id&#34;:1811,&#34;parent_product_id&#34;:1811,&#34;product_type&#34;:&#34;simple&#34;,&#34;show_view&#34;:true,&#34;browse_wishlist_text&#34;:&#34;Browse wishlist&#34;,&#34;already_in_wishslist_text&#34;:&#34;The product is already in your wishlist!&#34;,&#34;product_added_text&#34;:&#34;Product added!&#34;,&#34;heading_icon&#34;:&#34;fa-heart-o&#34;,&#34;available_multi_wishlist&#34;:false,&#34;disable_wishlist&#34;:false,&#34;show_count&#34;:false,&#34;ajax_loading&#34;:false,&#34;loop_position&#34;:&#34;after_add_to_cart&#34;,&#34;item&#34;:&#34;add_to_wishlist&#34;}">
<div class="yith-wcwl-add-button"><a class="add_to_wishlist single_add_to_wishlist button alt" href="https://ninetheme.com/themes/agrikon/product/organic-carrot/?add_to_wishlist=1811&#38;_wpnonce=423ee97ad9" rel="nofollow" data-product-id="1811" data-product-type="simple" data-original-product-id="1811" data-title="Add to wishlist"><i class="yith-wcwl-icon fa fa-heart-o"></i> Add to wishlist  </a><a class="compare button" href="https://ninetheme.com/themes/agrikon?action=yith-woocompare-add-product&#38;id=1811" rel="nofollow" data-product_id="1811">Compare</a></div>
</div>
&#160;
<div class="product_meta"></div>]]></description>
										<content:encoded><![CDATA[<h2>Description</h2>
<p>The generated Lorem Ipsum is therefore always free from repetition injected humour, or non-characteristic words etc. Susp endisse ultricies nisi vel quam suscipit. Sabertooth peacock flounder; chain pickerel hatchetfish, pencilfish snailfish filefish Antarctic icefish goldeye aholehole trumpetfish pilot fish airbreathing catfish, electric ray sweeper.</p>
]]></content:encoded>
					
					<wfw:commentRss>/san-pham/organic-carrot-2/feed/</wfw:commentRss>
			<slash:comments>0</slash:comments>
		
		
			</item>
		<item>
		<title>Organic Carrot</title>
		<link>/san-pham/organic-carrot/</link>
					<comments>/san-pham/organic-carrot/#respond</comments>
		
		<dc:creator><![CDATA[NguyenQuocHau]]></dc:creator>
		<pubDate>Tue, 25 Oct 2022 03:00:57 +0000</pubDate>
				<guid isPermaLink="false">/?post_type=product&#038;p=70</guid>

					<description><![CDATA[<div class="woocommerce-product-details__short-description">

The generated Lorem Ipsum is therefore always free from repetition injected humour, or non-characteristic words etc. Susp endisse ultricies nisi vel quam suscipit. Sabertooth peacock flounder…

</div>
<form class="cart" action="https://ninetheme.com/themes/agrikon/product/organic-carrot/" enctype="multipart/form-data" method="post">
<div class="quantity"></div>
</form>
<div class="yith-wcwl-add-to-wishlist add-to-wishlist-1811 wishlist-fragment on-first-load" data-fragment-ref="1811" data-fragment-options="{&#34;base_url&#34;:&#34;&#34;,&#34;in_default_wishlist&#34;:false,&#34;is_single&#34;:true,&#34;show_exists&#34;:false,&#34;product_id&#34;:1811,&#34;parent_product_id&#34;:1811,&#34;product_type&#34;:&#34;simple&#34;,&#34;show_view&#34;:true,&#34;browse_wishlist_text&#34;:&#34;Browse wishlist&#34;,&#34;already_in_wishslist_text&#34;:&#34;The product is already in your wishlist!&#34;,&#34;product_added_text&#34;:&#34;Product added!&#34;,&#34;heading_icon&#34;:&#34;fa-heart-o&#34;,&#34;available_multi_wishlist&#34;:false,&#34;disable_wishlist&#34;:false,&#34;show_count&#34;:false,&#34;ajax_loading&#34;:false,&#34;loop_position&#34;:&#34;after_add_to_cart&#34;,&#34;item&#34;:&#34;add_to_wishlist&#34;}">
<div class="yith-wcwl-add-button"><a class="add_to_wishlist single_add_to_wishlist button alt" href="https://ninetheme.com/themes/agrikon/product/organic-carrot/?add_to_wishlist=1811&#38;_wpnonce=423ee97ad9" rel="nofollow" data-product-id="1811" data-product-type="simple" data-original-product-id="1811" data-title="Add to wishlist"><i class="yith-wcwl-icon fa fa-heart-o"></i> Add to wishlist  </a><a class="compare button" href="https://ninetheme.com/themes/agrikon?action=yith-woocompare-add-product&#38;id=1811" rel="nofollow" data-product_id="1811">Compare</a></div>
</div>
&#160;
<div class="product_meta"></div>]]></description>
										<content:encoded><![CDATA[<h2>Description</h2>
<p>The generated Lorem Ipsum is therefore always free from repetition injected humour, or non-characteristic words etc. Susp endisse ultricies nisi vel quam suscipit. Sabertooth peacock flounder; chain pickerel hatchetfish, pencilfish snailfish filefish Antarctic icefish goldeye aholehole trumpetfish pilot fish airbreathing catfish, electric ray sweeper.</p>
]]></content:encoded>
					
					<wfw:commentRss>/san-pham/organic-carrot/feed/</wfw:commentRss>
			<slash:comments>0</slash:comments>
		
		
			</item>
		<item>
		<title>Strawberry</title>
		<link>/san-pham/strawberry-2/</link>
					<comments>/san-pham/strawberry-2/#respond</comments>
		
		<dc:creator><![CDATA[NguyenQuocHau]]></dc:creator>
		<pubDate>Tue, 25 Oct 2022 02:54:33 +0000</pubDate>
				<guid isPermaLink="false">/?post_type=product&#038;p=64</guid>

					<description><![CDATA[<div class="woocommerce-product-details__short-description">

The generated Lorem Ipsum is therefore always free from repetition injected humour, or non-characteristic words etc. Susp endisse ultricies nisi vel quam suscipit. Sabertooth peacock flounder…

</div>
<form class="cart" action="https://ninetheme.com/themes/agrikon/product/strawberry/" enctype="multipart/form-data" method="post">
<div class="quantity"></div>
</form>
<div class="yith-wcwl-add-to-wishlist add-to-wishlist-1815 wishlist-fragment on-first-load" data-fragment-ref="1815" data-fragment-options="{&#34;base_url&#34;:&#34;&#34;,&#34;in_default_wishlist&#34;:false,&#34;is_single&#34;:true,&#34;show_exists&#34;:false,&#34;product_id&#34;:1815,&#34;parent_product_id&#34;:1815,&#34;product_type&#34;:&#34;simple&#34;,&#34;show_view&#34;:true,&#34;browse_wishlist_text&#34;:&#34;Browse wishlist&#34;,&#34;already_in_wishslist_text&#34;:&#34;The product is already in your wishlist!&#34;,&#34;product_added_text&#34;:&#34;Product added!&#34;,&#34;heading_icon&#34;:&#34;fa-heart-o&#34;,&#34;available_multi_wishlist&#34;:false,&#34;disable_wishlist&#34;:false,&#34;show_count&#34;:false,&#34;ajax_loading&#34;:false,&#34;loop_position&#34;:&#34;after_add_to_cart&#34;,&#34;item&#34;:&#34;add_to_wishlist&#34;}">
<div class="yith-wcwl-add-button"><a class="add_to_wishlist single_add_to_wishlist button alt" href="https://ninetheme.com/themes/agrikon/product/strawberry/?add_to_wishlist=1815&#38;_wpnonce=423ee97ad9" rel="nofollow" data-product-id="1815" data-product-type="simple" data-original-product-id="1815" data-title="Add to wishlist"><i class="yith-wcwl-icon fa fa-heart-o"></i> Add to wishlist  </a><a class="compare button" href="https://ninetheme.com/themes/agrikon?action=yith-woocompare-add-product&#38;id=1815" rel="nofollow" data-product_id="1815">Compare</a></div>
</div>
&#160;
<div class="product_meta"></div>]]></description>
										<content:encoded><![CDATA[<h2>Description</h2>
<p>The generated Lorem Ipsum is therefore always free from repetition injected humour, or non-characteristic words etc. Susp endisse ultricies nisi vel quam suscipit. Sabertooth peacock flounder; chain pickerel hatchetfish, pencilfish snailfish filefish Antarctic icefish goldeye aholehole trumpetfish pilot fish airbreathing catfish, electric ray sweeper.</p>
]]></content:encoded>
					
					<wfw:commentRss>/san-pham/strawberry-2/feed/</wfw:commentRss>
			<slash:comments>0</slash:comments>
		
		
			</item>
		<item>
		<title>Strawberry</title>
		<link>/san-pham/strawberry/</link>
					<comments>/san-pham/strawberry/#respond</comments>
		
		<dc:creator><![CDATA[NguyenQuocHau]]></dc:creator>
		<pubDate>Tue, 25 Oct 2022 02:53:16 +0000</pubDate>
				<guid isPermaLink="false">/?post_type=product&#038;p=63</guid>

					<description><![CDATA[<div class="woocommerce-product-details__short-description">

The generated Lorem Ipsum is therefore always free from repetition injected humour, or non-characteristic words etc. Susp endisse ultricies nisi vel quam suscipit. Sabertooth peacock flounder…

</div>
<form class="cart" action="https://ninetheme.com/themes/agrikon/product/strawberry/" enctype="multipart/form-data" method="post">
<div class="quantity"></div>
</form>
<div class="yith-wcwl-add-to-wishlist add-to-wishlist-1815 wishlist-fragment on-first-load" data-fragment-ref="1815" data-fragment-options="{&#34;base_url&#34;:&#34;&#34;,&#34;in_default_wishlist&#34;:false,&#34;is_single&#34;:true,&#34;show_exists&#34;:false,&#34;product_id&#34;:1815,&#34;parent_product_id&#34;:1815,&#34;product_type&#34;:&#34;simple&#34;,&#34;show_view&#34;:true,&#34;browse_wishlist_text&#34;:&#34;Browse wishlist&#34;,&#34;already_in_wishslist_text&#34;:&#34;The product is already in your wishlist!&#34;,&#34;product_added_text&#34;:&#34;Product added!&#34;,&#34;heading_icon&#34;:&#34;fa-heart-o&#34;,&#34;available_multi_wishlist&#34;:false,&#34;disable_wishlist&#34;:false,&#34;show_count&#34;:false,&#34;ajax_loading&#34;:false,&#34;loop_position&#34;:&#34;after_add_to_cart&#34;,&#34;item&#34;:&#34;add_to_wishlist&#34;}">
<div class="yith-wcwl-add-button"><a class="add_to_wishlist single_add_to_wishlist button alt" href="https://ninetheme.com/themes/agrikon/product/strawberry/?add_to_wishlist=1815&#38;_wpnonce=423ee97ad9" rel="nofollow" data-product-id="1815" data-product-type="simple" data-original-product-id="1815" data-title="Add to wishlist"><i class="yith-wcwl-icon fa fa-heart-o"></i> Add to wishlist  </a><a class="compare button" href="https://ninetheme.com/themes/agrikon?action=yith-woocompare-add-product&#38;id=1815" rel="nofollow" data-product_id="1815">Compare</a></div>
</div>
&#160;
<div class="product_meta"></div>]]></description>
										<content:encoded><![CDATA[<h2>Description</h2>
<p>The generated Lorem Ipsum is therefore always free from repetition injected humour, or non-characteristic words etc. Susp endisse ultricies nisi vel quam suscipit. Sabertooth peacock flounder; chain pickerel hatchetfish, pencilfish snailfish filefish Antarctic icefish goldeye aholehole trumpetfish pilot fish airbreathing catfish, electric ray sweeper.</p>
]]></content:encoded>
					
					<wfw:commentRss>/san-pham/strawberry/feed/</wfw:commentRss>
			<slash:comments>0</slash:comments>
		
		
			</item>
		<item>
		<title>Red Apple</title>
		<link>/san-pham/red-apple-2/</link>
					<comments>/san-pham/red-apple-2/#respond</comments>
		
		<dc:creator><![CDATA[NguyenQuocHau]]></dc:creator>
		<pubDate>Tue, 25 Oct 2022 02:51:10 +0000</pubDate>
				<guid isPermaLink="false">/?post_type=product&#038;p=62</guid>

					<description><![CDATA[<div class="woocommerce-product-details__short-description">

The generated Lorem Ipsum is therefore always free from repetition injected humour, or non-characteristic words etc. Susp endisse ultricies nisi vel quam suscipit. Sabertooth peacock flounder…

</div>
<form class="cart" action="https://ninetheme.com/themes/agrikon/product/red-apple/" enctype="multipart/form-data" method="post">
<div class="quantity"></div>
</form>
<div class="yith-wcwl-add-to-wishlist add-to-wishlist-1816 wishlist-fragment on-first-load" data-fragment-ref="1816" data-fragment-options="{&#34;base_url&#34;:&#34;&#34;,&#34;in_default_wishlist&#34;:false,&#34;is_single&#34;:true,&#34;show_exists&#34;:false,&#34;product_id&#34;:1816,&#34;parent_product_id&#34;:1816,&#34;product_type&#34;:&#34;simple&#34;,&#34;show_view&#34;:true,&#34;browse_wishlist_text&#34;:&#34;Browse wishlist&#34;,&#34;already_in_wishslist_text&#34;:&#34;The product is already in your wishlist!&#34;,&#34;product_added_text&#34;:&#34;Product added!&#34;,&#34;heading_icon&#34;:&#34;fa-heart-o&#34;,&#34;available_multi_wishlist&#34;:false,&#34;disable_wishlist&#34;:false,&#34;show_count&#34;:false,&#34;ajax_loading&#34;:false,&#34;loop_position&#34;:&#34;after_add_to_cart&#34;,&#34;item&#34;:&#34;add_to_wishlist&#34;}">
<div class="yith-wcwl-add-button"><a class="add_to_wishlist single_add_to_wishlist button alt" href="https://ninetheme.com/themes/agrikon/product/red-apple/?add_to_wishlist=1816&#38;_wpnonce=423ee97ad9" rel="nofollow" data-product-id="1816" data-product-type="simple" data-original-product-id="1816" data-title="Add to wishlist"><i class="yith-wcwl-icon fa fa-heart-o"></i> Add to wishlist  </a><a class="compare button" href="https://ninetheme.com/themes/agrikon?action=yith-woocompare-add-product&#38;id=1816" rel="nofollow" data-product_id="1816">Compare</a></div>
</div>
&#160;
<div class="product_meta"></div>]]></description>
										<content:encoded><![CDATA[<h2>Description</h2>
<p>Naturally sweet and delicious, our Plum Halves in Rice Syrup contains no added beet or cane sugar. Picked at the peak of ripeness and minimally processed, our organic fruits are perfect for baking and topping desserts with or delicious when eaten with ice cream or on its own. This autumnal, sticky fig and granola breakfast bowl is the perfect start to the day. Made with roasted figs warm from the oven, our creamy organic Kefir and a spoonful of our crunchy oat granola. A breakfast perfect for the week ahead.</p>
]]></content:encoded>
					
					<wfw:commentRss>/san-pham/red-apple-2/feed/</wfw:commentRss>
			<slash:comments>0</slash:comments>
		
		
			</item>
		<item>
		<title>Red Apple</title>
		<link>/san-pham/red-apple/</link>
					<comments>/san-pham/red-apple/#respond</comments>
		
		<dc:creator><![CDATA[NguyenQuocHau]]></dc:creator>
		<pubDate>Tue, 25 Oct 2022 02:50:40 +0000</pubDate>
				<guid isPermaLink="false">/?post_type=product&#038;p=61</guid>

					<description><![CDATA[<div class="woocommerce-product-details__short-description">

The generated Lorem Ipsum is therefore always free from repetition injected humour, or non-characteristic words etc. Susp endisse ultricies nisi vel quam suscipit. Sabertooth peacock flounder…

</div>
<form class="cart" action="https://ninetheme.com/themes/agrikon/product/red-apple/" enctype="multipart/form-data" method="post">
<div class="quantity"></div>
</form>
<div class="yith-wcwl-add-to-wishlist add-to-wishlist-1816 wishlist-fragment on-first-load" data-fragment-ref="1816" data-fragment-options="{&#34;base_url&#34;:&#34;&#34;,&#34;in_default_wishlist&#34;:false,&#34;is_single&#34;:true,&#34;show_exists&#34;:false,&#34;product_id&#34;:1816,&#34;parent_product_id&#34;:1816,&#34;product_type&#34;:&#34;simple&#34;,&#34;show_view&#34;:true,&#34;browse_wishlist_text&#34;:&#34;Browse wishlist&#34;,&#34;already_in_wishslist_text&#34;:&#34;The product is already in your wishlist!&#34;,&#34;product_added_text&#34;:&#34;Product added!&#34;,&#34;heading_icon&#34;:&#34;fa-heart-o&#34;,&#34;available_multi_wishlist&#34;:false,&#34;disable_wishlist&#34;:false,&#34;show_count&#34;:false,&#34;ajax_loading&#34;:false,&#34;loop_position&#34;:&#34;after_add_to_cart&#34;,&#34;item&#34;:&#34;add_to_wishlist&#34;}">
<div class="yith-wcwl-add-button"><a class="add_to_wishlist single_add_to_wishlist button alt" href="https://ninetheme.com/themes/agrikon/product/red-apple/?add_to_wishlist=1816&#38;_wpnonce=423ee97ad9" rel="nofollow" data-product-id="1816" data-product-type="simple" data-original-product-id="1816" data-title="Add to wishlist"><i class="yith-wcwl-icon fa fa-heart-o"></i> Add to wishlist  </a><a class="compare button" href="https://ninetheme.com/themes/agrikon?action=yith-woocompare-add-product&#38;id=1816" rel="nofollow" data-product_id="1816">Compare</a></div>
</div>
&#160;
<div class="product_meta"></div>]]></description>
										<content:encoded><![CDATA[<h2>Description</h2>
<p>Naturally sweet and delicious, our Plum Halves in Rice Syrup contains no added beet or cane sugar. Picked at the peak of ripeness and minimally processed, our organic fruits are perfect for baking and topping desserts with or delicious when eaten with ice cream or on its own. This autumnal, sticky fig and granola breakfast bowl is the perfect start to the day. Made with roasted figs warm from the oven, our creamy organic Kefir and a spoonful of our crunchy oat granola. A breakfast perfect for the week ahead.</p>
]]></content:encoded>
					
					<wfw:commentRss>/san-pham/red-apple/feed/</wfw:commentRss>
			<slash:comments>0</slash:comments>
		
		
			</item>
	</channel>
</rss>
